	secid	ts	pr_open	pr_high	pr_low	pr_close	pr_change	trades	vol	val	pr_std	disb	pr_vwap	trades_b	vol_b	val_b	pr_vwap_b	trades_s	vol_s	val_s	pr_vwap_s
0	SBER	2023-12-01 10:05:00	277.04	277.86	276.67	277.31	0.0975	2225	80741	223654120.0	0.0001	0.01	277.0	1115	40756	112902165.0	277.02	1110	39985	110751955.0	276.98
1	SBER	2023-12-01 10:10:00	277.32	277.39	276.3	276.36	-0.3462	1744	69886	193436342.0	0.0001	-0.01	276.79	923	34540	95609891.0	276.81	821	35346	97826451.0	276.77
2	SBER	2023-12-01 10:15:00	276.37	276.52	275.83	275.88	-0.1773	1557	60859	168015549.0	0.0001	-0.15	276.07	775	25860	71394099.0	276.08	782	34999	96621449.0	276.07
3	SBER	2023-12-01 10:20:00	275.87	276.25	275.86	276.15	0.1015	1438	49739	137312544.0	0.0001	-0.01	276.07	723	24592	67890108.0	276.07	715	25147	69422435.0	276.07
4	SBER	2023-12-01 10:25:00	276.15	276.16	275.6	275.61	-0.1955	1510	53842	148521770.0	0.0	0.09	275.85	771	29265	80731043.0	275.86	739	24577	67790726.0	275.83
5	SBER	2023-12-01 10:30:00	275.63	275.63	275.33	275.35	-0.1016	1632	70445	194023041.0	0.0	-0.06	275.42	862	33219	91493249.0	275.42	770	37226	102529792.0	275.43
6	SBER	2023-12-01 10:35:00	275.36	276.36	275.33	275.88	0.1888	1617	47013	129700622.0	0.0001	0.04	275.88	766	24376	67245105.0	275.87	851	22637	62455516.0	275.9
7	SBER	2023-12-01 10:40:00	275.93	275.93	275.34	275.49	-0.1595	1012	20477	56421940.0	0.0	-0.03	275.54	510	9956	27434700.0	275.56	502	10521	28987239.0	275.52
8	SBER	2023-12-01 10:45:00	275.5	275.96	275.49	275.95	0.1633	839	13574	37428964.0	0.0	-0.04	275.74	426	6490	17897477.0	275.77	413	7084	19531487.0	275.71
9	SBER	2023-12-01 10:50:00	275.96	276.06	275.51	275.51	-0.1631	718	11793	32526151.0	0.0	0.08	275.81	366	6388	17619424.0	275.82	352	5405	14906727.0	275.8
10	SBER	2023-12-01 10:55:00	275.52	275.52	275.01	275.4	-0.0436	1434	50058	137764979.0	0.0	-0.04	275.21	730	23975	65980528.0	275.21	704	26083	71784451.0	275.22
11	SBER	2023-12-01 11:00:00	275.41	275.41	275.03	275.31	-0.0363	930	23743	65342091.0	0.0001	-0.08	275.21	455	10910	30023980.0	275.2	475	12833	35318110.0	275.21
12	SBER	2023-12-01 11:05:00	275.27	275.33	275.06	275.33	0.0218	706	16304	44868784.0	0.0	-0.2	275.2	352	6493	17869141.0	275.21	354	9811	26999642.0	275.2
13	SBER	2023-12-01 11:10:00	275.36	276.4	275.36	276.14	0.2833	1402	59454	164134862.0	0.0001	0.03	276.07	723	30728	84843962.0	276.11	679	28726	79290899.0	276.02
14	SBER	2023-12-01 11:15:00	276.13	276.64	276.03	276.54	0.1485	1260	46128	127451804.0	0.0001	-0.03	276.3	654	22458	62046145.0	276.28	606	23670	65405658.0	276.32
15	SBER	2023-12-01 11:20:00	276.53	276.54	275.85	276.31	-0.0796	973	17976	49650203.0	0.0001	-0.12	276.2	488	7928	21896488.0	276.19	485	10048	27753715.0	276.21
16	SBER	2023-12-01 11:25:00	276.3	276.5	276.02	276.44	0.0507	576	7008	19357066.0	0.0001	0.03	276.21	303	3606	9958629.0	276.17	273	3402	9398437.0	276.26
17	SBER	2023-12-01 11:30:00	276.45	276.55	276.3	276.49	0.0145	674	10602	29306883.0	0.0	0.0	276.43	340	5311	14681266.0	276.43	334	5291	14625617.0	276.42
18	SBER	2023-12-01 11:35:00	276.49	277.21	276.49	277.01	0.1881	1432	60090	166410663.0	0.0001	-0.13	276.94	675	26197	72552675.0	276.95	757	33893	93857987.0	276.92
19	SBER	2023-12-01 11:40:00	277.0	277.01	276.59	276.99	-0.0036	952	23036	63766755.0	0.0	0.17	276.81	495	13430	37175467.0	276.81	457	9606	26591288.0	276.82
20	SBER	2023-12-01 11:45:00	276.98	277.45	276.91	277.4	0.1516	1099	44704	123927718.0	0.0001	-0.24	277.22	531	17044	47247920.0	277.21	568	27660	76679798.0	277.22
21	SBER	2023-12-01 11:50:00	277.41	277.41	276.81	276.82	-0.2127	826	17699	49045449.0	0.0	-0.21	277.11	389	6956	19275928.0	277.11	437	10743	29769520.0	277.11
22	SBER	2023-12-01 11:55:00	276.82	276.82	276.57	276.74	-0.0289	783	17497	48413322.0	0.0	-0.05	276.69	392	8297	22956939.0	276.69	391	9200	25456382.0	276.7
23	SBER	2023-12-01 12:00:00	276.75	277.0	276.69	276.9	0.0542	604	13529	37457806.0	0.0001	-0.13	276.87	279	5916	16377818.0	276.84	325	7613	21079988.0	276.89
24	SBER	2023-12-01 12:05:00	276.9	277.1	276.68	277.0	0.0361	560	13666	37838945.0	0.0001	0.08	276.88	300	7361	20381419.0	276.88	260	6305	17457526.0	276.88
25	SBER	2023-12-01 12:10:00	277.02	277.31	276.76	276.77	-0.0902	664	27888	77301356.0	0.0001	-0.34	277.19	301	9262	25663840.0	277.09	363	18626	51637516.0	277.23
26	SBER	2023-12-01 12:15:00	276.78	276.78	276.21	276.31	-0.1698	825	15074	41674972.0	0.0	0.03	276.47	435	7754	21438603.0	276.48	390	7320	20236368.0	276.45
27	SBER	2023-12-01 12:20:00	276.32	276.61	276.31	276.5	0.0651	512	7793	21547925.0	0.0	-0.18	276.5	226	3213	8884006.0	276.5	286	4580	12663918.0	276.5
28	SBER	2023-12-01 12:25:00	276.51	276.72	276.5	276.6	0.0325	461	5671	15687125.0	0.0001	0.33	276.62	251	3768	10423019.0	276.62	210	1903	5264106.0	276.62
29	SBER	2023-12-01 12:30:00	276.61	276.75	276.52	276.53	-0.0289	518	6423	17769625.0	0.0	-0.18	276.66	257	2635	7290453.0	276.68	261	3788	10479171.0	276.64
30	SBER	2023-12-01 12:35:00	276.53	276.6	276.52	276.54	0.0036	363	3270	9043280.0	0.0	-0.16	276.55	186	1378	3810959.0	276.56	177	1892	5232320.0	276.55
31	SBER	2023-12-01 12:40:00	276.54	276.73	276.53	276.66	0.0434	494	4844	13399932.0	0.0	-0.14	276.63	270	2076	5742867.0	276.63	224	2768	7657065.0	276.63
32	SBER	2023-12-01 12:45:00	276.68	277.25	276.57	276.65	-0.0108	933	24951	69111571.0	0.0001	-0.02	276.99	446	12183	33744844.0	276.98	487	12768	35366727.0	277.0
33	SBER	2023-12-01 12:50:00	276.64	276.64	276.25	276.44	-0.0723	881	18438	50974347.0	0.0	-0.04	276.46	448	8855	24480940.0	276.46	433	9583	26493406.0	276.46
34	SBER	2023-12-01 12:55:00	276.45	276.77	276.44	276.61	0.0579	604	7871	21765449.0	0.0001	-0.22	276.53	279	3066	8478100.0	276.52	325	4805	13287349.0	276.53
35	SBER	2023-12-01 13:00:00	276.61	276.95	276.58	276.85	0.0868	650	7661	21197761.0	0.0001	0.04	276.7	340	3991	11043365.0	276.71	310	3670	10154395.0	276.69
36	SBER	2023-12-01 13:05:00	276.9	276.95	276.82	276.82	-0.0289	482	3678	10183114.0	0.0001	-0.17	276.87	217	1525	4222350.0	276.88	265	2153	5960763.0	276.86
37	SBER	2023-12-01 13:10:00	276.82	276.85	276.71	276.75	-0.0253	585	9533	26384853.0	0.0	-0.01	276.77	309	4724	13074337.0	276.76	276	4809	13310516.0	276.78
38	SBER	2023-12-01 13:15:00	276.72	277.05	276.72	277.02	0.1084	534	9410	26061533.0	0.0	0.04	276.96	242	4889	13540461.0	276.96	292	4521	12521071.0	276.95
39	SBER	2023-12-01 13:20:00	277.03	277.36	276.97	277.33	0.1083	712	19612	54367499.0	0.0001	-0.26	277.22	312	7243	20078538.0	277.21	400	12369	34288960.0	277.22
40	SBER	2023-12-01 13:25:00	277.34	277.65	277.34	277.65	0.1118	1187	41704	115713777.0	0.0	-0.1	277.46	558	18804	52175397.0	277.47	629	22900	63538380.0	277.46
41	SBER	2023-12-01 13:30:00	277.64	277.77	277.58	277.58	-0.0216	991	22903	63599116.0	0.0	0.08	277.69	526	12405	34446742.0	277.68	465	10498	29152373.0	277.69
42	SBER	2023-12-01 13:35:00	277.58	277.95	277.5	277.51	-0.0252	1363	72605	201686650.0	0.0	-0.13	277.79	665	31596	87773496.0	277.8	698	41009	113913153.0	277.78
43	SBER	2023-12-01 13:40:00	277.51	277.71	277.42	277.6	0.0324	901	15689	43545043.0	0.0	-0.03	277.55	431	7589	21063307.0	277.55	470	8100	22481735.0	277.55
44	SBER	2023-12-01 13:45:00	277.6	277.75	277.5	277.74	0.0504	825	15086	41884179.0	0.0	0.09	277.64	405	8226	22838531.0	277.64	420	6860	19045647.0	277.63
45	SBER	2023-12-01 13:50:00	277.77	277.98	277.63	277.67	-0.036	807	16047	44585627.0	0.0001	0.12	277.84	422	8949	24864198.0	277.84	385	7098	19721428.0	277.84
46	SBER	2023-12-01 13:55:00	277.64	277.7	277.57	277.59	-0.018	523	7968	22122655.0	0.0001	-0.01	277.64	259	3933	10919669.0	277.64	264	4035	11202986.0	277.65
47	SBER	2023-12-01 14:00:00	277.59	277.68	277.08	277.25	-0.1225	1026	23155	64214917.0	0.0001	0.04	277.33	513	12078	33495816.0	277.33	513	11077	30719100.0	277.32
48	SBER	2023-12-01 14:05:00	277.18	277.37	277.01	277.01	-0.0613	597	12470	34559391.0	0.0001	-0.4	277.14	278	3738	10359077.0	277.13	319	8732	24200313.0	277.15
49	SBER	2023-12-01 14:10:00	277.01	277.31	276.6	276.88	-0.0469	1135	35802	99153428.0	0.0001	-0.04	276.95	571	17101	47361783.0	276.95	564	18701	51791645.0	276.95
50	SBER	2023-12-01 14:15:00	276.88	276.89	276.5	276.57	-0.112	773	30442	84214011.0	0.0001	-0.08	276.64	375	14018	38778631.0	276.63	398	16424	45435379.0	276.64
51	SBER	2023-12-01 14:20:00	276.59	276.77	276.22	276.28	-0.1121	728	22604	62487593.0	0.0001	0.18	276.44	383	13290	36737972.0	276.43	345	9314	25749620.0	276.46
52	SBER	2023-12-01 14:25:00	276.29	276.71	276.25	276.69	0.1448	403	11143	30814333.0	0.0	-0.22	276.54	189	4367	12077066.0	276.55	214	6776	18737267.0	276.52
53	SBER	2023-12-01 14:30:00	276.7	276.95	276.54	276.8	0.0361	498	17532	48523621.0	0.0001	-0.17	276.77	230	7295	20190804.0	276.78	268	10237	28332816.0	276.77
54	SBER	2023-12-01 14:35:00	276.75	276.9	276.66	276.9	0.0542	382	8504	23534251.0	0.0001	0.34	276.74	209	5701	15777240.0	276.75	173	2803	7757010.0	276.74
55	SBER	2023-12-01 14:40:00	276.9	276.99	276.9	276.93	0.0108	383	7116	19706941.0	0.0001	0.07	276.94	193	3793	10504392.0	276.94	190	3323	9202549.0	276.93
56	SBER	2023-12-01 14:45:00	276.9	276.99	276.81	276.94	0.0144	372	3926	10872856.0	0.0001	-0.03	276.94	185	1897	5253656.0	276.95	187	2029	5619200.0	276.94
57	SBER	2023-12-01 14:50:00	276.97	277.22	276.92	277.2	0.083	709	18632	51615573.0	0.0	-0.08	277.03	366	8601	23826765.0	277.02	343	10031	27788808.0	277.03
58	SBER	2023-12-01 14:55:00	277.21	277.21	276.24	276.44	-0.2778	664	21334	58994752.0	0.0001	0.48	276.53	389	15798	43682136.0	276.5	275	5536	15312615.0	276.6
59	SBER	2023-12-01 15:00:00	276.46	276.46	276.0	276.01	-0.1628	1199	46002	127015835.0	0.0001	0.16	276.11	653	26682	73665868.0	276.09	546	19320	53349967.0	276.14
60	SBER	2023-12-01 15:05:00	276.01	276.25	275.65	276.25	0.087	1121	27963	77144360.0	0.0001	-0.11	275.88	560	12442	34325638.0	275.89	561	15521	42818722.0	275.88
61	SBER	2023-12-01 15:10:00	276.26	276.63	276.01	276.53	0.0977	917	23216	64155883.0	0.0001	0.04	276.34	458	12042	33277063.0	276.34	459	11174	30878819.0	276.35
62	SBER	2023-12-01 15:15:00	276.54	276.58	276.23	276.52	-0.0072	280	4572	12639234.0	0.0001	0.19	276.45	133	2712	7497587.0	276.46	147	1860	5141646.0	276.43
63	SBER	2023-12-01 15:20:00	276.52	276.56	276.18	276.2	-0.1157	283	3734	10317281.0	0.0001	-0.13	276.31	127	1628	4498681.0	276.33	156	2106	5818600.0	276.29
64	SBER	2023-12-01 15:25:00	276.2	276.41	275.75	275.77	-0.1557	617	18029	49774429.0	0.0001	-0.1	276.08	305	8068	22274924.0	276.09	312	9961	27499505.0	276.07
65	SBER	2023-12-01 15:30:00	275.76	275.92	275.25	275.5	-0.0943	1184	61405	169162461.0	0.0002	0.04	275.49	645	31900	87872410.0	275.46	539	29505	81290051.0	275.51
66	SBER	2023-12-01 15:35:00	275.53	275.55	275.01	275.32	-0.0762	1247	57486	158188595.0	0.0001	0.06	275.18	610	30550	84065499.0	275.17	637	26936	74123096.0	275.18
67	SBER	2023-12-01 15:40:00	275.36	275.4	274.5	274.66	-0.2542	2242	94236	259009134.0	0.0001	0.26	274.85	1318	59273	162913282.0	274.85	924	34963	96095851.0	274.85
68	SBER	2023-12-01 15:45:00	274.64	275.15	274.63	274.86	0.0801	1026	43196	118772864.0	0.0001	0.1	274.96	528	23822	65504996.0	274.98	498	19374	53267868.0	274.95
69	SBER	2023-12-01 15:50:00	274.91	275.33	274.86	275.13	0.08	1051	49063	134974059.0	0.0001	0.17	275.1	552	28622	78743656.0	275.12	499	20441	56230402.0	275.09
70	SBER	2023-12-01 15:55:00	275.17	275.39	275.11	275.36	0.069	496	12952	35656667.0	0.0001	0.04	275.3	245	6743	18562800.0	275.29	251	6209	17093866.0	275.31
71	SBER	2023-12-01 16:00:00	275.37	275.39	274.74	274.89	-0.1743	751	24832	68288761.0	0.0001	-0.14	275.0	356	10638	29257490.0	275.03	395	14194	39031270.0	274.98
72	SBER	2023-12-01 16:05:00	274.88	275.1	274.8	274.81	-0.0255	543	12546	34487664.0	0.0001	0.13	274.89	293	7082	19467297.0	274.88	250	5464	15020366.0	274.9
73	SBER	2023-12-01 16:10:00	274.81	275.22	274.7	275.21	0.1456	610	27660	76023115.0	0.0001	-0.3	274.85	304	9700	26661178.0	274.86	306	17960	49361937.0	274.84
74	SBER	2023-12-01 16:15:00	275.22	275.29	274.85	275.15	-0.0254	467	15445	42486747.0	0.0002	-0.33	275.08	217	5155	14181129.0	275.09	250	10290	28305618.0	275.08
75	SBER	2023-12-01 16:20:00	275.14	275.21	275.05	275.1	-0.0145	381	8595	23646121.0	0.0	0.29	275.11	198	5562	15301886.0	275.11	183	3033	8344235.0	275.11
76	SBER	2023-12-01 16:25:00	275.1	275.44	275.1	275.34	0.0872	485	15468	42595717.0	0.0001	-0.07	275.38	240	7209	19852200.0	275.38	245	8259	22743516.0	275.38
77	SBER	2023-12-01 16:30:00	275.3	275.4	275.3	275.38	0.0291	250	3322	9146624.0	0.0001	0.12	275.33	124	1859	5118467.0	275.33	126	1463	4028157.0	275.34
78	SBER	2023-12-01 16:35:00	275.35	275.47	275.34	275.36	0.0036	333	8566	23592281.0	0.0	-0.12	275.42	158	3782	10415988.0	275.41	175	4784	13176293.0	275.42
79	SBER	2023-12-01 16:40:00	275.39	275.46	275.38	275.45	0.0218	274	2165	5962818.0	0.0	0.2	275.42	149	1299	3577657.0	275.42	125	866	2385161.0	275.42
80	SBER	2023-12-01 16:45:00	275.46	275.48	275.06	275.11	-0.1271	534	12971	35701023.0	0.0001	0.1	275.24	274	7149	19677060.0	275.24	260	5822	16023963.0	275.23
81	SBER	2023-12-01 16:50:00	275.09	275.09	274.74	275.02	-0.0254	665	15415	42376937.0	0.0	-0.09	274.91	330	7026	19314310.0	274.9	335	8389	23062627.0	274.92
82	SBER	2023-12-01 16:55:00	275.03	275.05	274.81	275.05	0.0073	548	13090	35987406.0	0.0001	0.23	274.92	291	8053	22139379.0	274.92	257	5037	13848026.0	274.93
83	SBER	2023-12-01 17:00:00	275.0	275.22	274.9	274.99	-0.0036	476	12536	34476616.0	0.0001	0.26	275.02	244	7929	21806843.0	275.03	232	4607	12669773.0	275.01
84	SBER	2023-12-01 17:05:00	275.01	275.1	274.9	274.94	-0.0255	596	10757	29577893.0	0.0001	0.04	274.96	303	5606	15414844.0	274.97	293	5151	14163048.0	274.96
85	SBER	2023-12-01 17:10:00	274.98	274.98	274.81	274.83	-0.0545	590	15827	43504548.0	0.0001	-0.06	274.88	268	7419	20392971.0	274.87	322	8408	23111576.0	274.88
86	SBER	2023-12-01 17:15:00	274.82	274.89	274.73	274.81	-0.0036	533	8291	22782515.0	0.0001	0.19	274.79	288	4937	13566364.0	274.79	245	3354	9216151.0	274.78
87	SBER	2023-12-01 17:20:00	274.8	274.99	274.75	274.99	0.0691	546	14291	39283666.0	0.0	-0.06	274.88	286	6730	18499714.0	274.88	260	7561	20783951.0	274.88
88	SBER	2023-12-01 17:25:00	274.97	275.25	274.94	275.05	0.0291	592	11589	31882331.0	0.0001	0.01	275.11	292	5838	16060800.0	275.11	300	5751	15821531.0	275.11
89	SBER	2023-12-01 17:30:00	275.06	275.06	273.9	274.29	-0.2799	2793	146210	400958476.0	0.0002	0.3	274.23	1699	94943	260330764.0	274.2	1094	51267	140627711.0	274.3
90	SBER	2023-12-01 17:35:00	274.25	274.39	273.72	273.77	-0.175	1606	66097	181032999.0	0.0001	0.01	273.89	830	33255	91078284.0	273.88	776	32842	89954715.0	273.9
91	SBER	2023-12-01 17:40:00	273.77	274.3	273.55	274.25	0.1753	1242	58608	160471290.0	0.0001	0.07	273.8	606	31494	86236391.0	273.82	636	27114	74234898.0	273.79
92	SBER	2023-12-01 17:45:00	274.24	274.57	274.18	274.33	0.0328	905	23896	65569290.0	0.0001	0.01	274.39	430	12032	33015022.0	274.39	475	11864	32554268.0	274.4
93	SBER	2023-12-01 17:50:00	274.33	274.55	274.03	274.51	0.0656	884	27739	76075943.0	0.0001	-0.08	274.26	469	12819	35157011.0	274.26	415	14920	40918931.0	274.26
94	SBER	2023-12-01 17:55:00	274.53	274.9	274.5	274.88	0.1275	829	28334	77837611.0	0.0001	0.11	274.71	411	15712	43164441.0	274.72	418	12622	34673170.0	274.7
95	SBER	2023-12-01 18:00:00	274.85	275.08	274.74	274.77	-0.0291	730	24024	66051465.0	0.0001	-0.04	274.94	352	11551	31758003.0	274.94	378	12473	34293462.0	274.94
96	SBER	2023-12-01 18:05:00	274.74	275.25	274.74	274.91	0.0619	731	22998	63265227.0	0.0001	-0.02	275.09	364	11269	31000083.0	275.09	367	11729	32265143.0	275.09
97	SBER	2023-12-01 18:10:00	274.91	275.25	274.8	274.81	-0.0364	670	18473	50805488.0	0.0001	-0.1	275.03	325	8302	22832818.0	275.03	345	10171	27972670.0	275.02
98	SBER	2023-12-01 18:15:00	274.81	276.0	274.72	275.24	0.1565	1252	102818	283251625.0	0.0007	-0.42	275.49	564	29654	81615197.0	275.22	688	73164	201636428.0	275.6
99	SBER	2023-12-01 18:20:00	275.23	275.33	274.74	274.77	-0.1671	569	19046	52378050.0	0.0001	0.07	275.01	300	10211	28080063.0	275.0	269	8835	24297986.0	275.02
100	SBER	2023-12-01 18:25:00	274.75	274.77	274.25	274.51	-0.0874	725	26566	72914613.0	0.0001	-0.11	274.47	336	11883	32616771.0	274.48	389	14683	40297842.0	274.45
101	SBER	2023-12-01 18:30:00	274.58	274.93	274.57	274.81	0.0838	398	8458	23236704.0	0.0	-0.17	274.73	197	3519	9668588.0	274.75	201	4939	13568116.0	274.71
102	SBER	2023-12-01 18:35:00	274.86	275.16	274.8	274.98	0.0437	412	11363	31250620.0	0.0001	-0.22	275.02	195	4423	12164194.0	275.02	217	6940	19086425.0	275.02
103	SBER	2023-12-01 18:40:00	274.95	275.56	274.88	275.01	0.0218	721	38315	105437992.0	0.0002	0.0	275.19	361	19109	52579247.0	275.15	360	19206	52858744.0	275.22
104	SBER	2023-12-04 10:05:00	273.59	273.59	271.64	272.0	-0.5812	5993	253260	690155181.0	0.0002	-0.05	272.51	2982	119794	326434327.0	272.5	3011	133466	363720853.0	272.52
105	SBER	2023-12-04 10:10:00	272.0	272.05	270.76	271.36	-0.2353	4558	226442	614446711.0	0.0001	-0.01	271.35	2223	111905	303653778.0	271.35	2335	114537	310792933.0	271.35
106	SBER	2023-12-04 10:15:00	271.35	272.2	270.8	272.15	0.2948	3123	141746	384815745.0	0.0001	0.0	271.48	1558	70565	191549595.0	271.45	1565	71181	193266150.0	271.51
107	SBER	2023-12-04 10:20:00	272.13	272.22	271.81	271.83	-0.1102	2100	75361	204995228.0	0.0001	0.04	272.02	1109	39063	106257997.0	272.02	991	36298	98737230.0	272.02
108	SBER	2023-12-04 10:25:00	271.83	272.21	271.7	272.2	0.1361	1977	79263	215567516.0	0.0001	-0.01	271.96	967	39288	106856793.0	271.98	1010	39975	108710722.0	271.95
109	SBER	2023-12-04 10:30:00	272.2	272.75	272.13	272.45	0.0918	2414	113602	309556677.0	0.0001	-0.05	272.49	1206	53797	146590105.0	272.49	1208	59805	162966572.0	272.5
110	SBER	2023-12-04 10:35:00	272.42	272.52	271.69	272.38	-0.0147	1751	50522	137460932.0	0.0001	0.04	272.08	889	26374	71750919.0	272.05	862	24148	65710012.0	272.11
111	SBER	2023-12-04 10:40:00	272.39	272.73	272.15	272.64	0.0918	1439	52316	142572335.0	0.0	0.07	272.52	739	27942	76144575.0	272.51	700	24374	66427759.0	272.54
112	SBER	2023-12-04 10:45:00	272.63	273.1	272.45	273.1	0.1724	1963	87433	238512693.0	0.0001	0.02	272.79	1003	44776	122150093.0	272.8	960	42657	116362599.0	272.79
113	SBER	2023-12-04 10:50:00	273.09	273.48	273.02	273.21	0.0439	1554	53761	146898938.0	0.0	0.02	273.24	769	27518	75189062.0	273.24	785	26243	71709875.0	273.25
114	SBER	2023-12-04 10:55:00	273.21	273.24	272.8	272.9	-0.1135	1239	35003	95541906.0	0.0	-0.03	272.95	588	16975	46335418.0	272.96	651	18028	49206487.0	272.94
115	SBER	2023-12-04 11:00:00	272.91	272.93	272.8	272.83	-0.0293	938	20469	55842432.0	0.0	-0.02	272.81	482	10052	27423270.0	272.81	456	10417	28419161.0	272.82
116	SBER	2023-12-04 11:05:00	272.84	273.25	272.8	273.15	0.1136	843	20681	56467326.0	0.0	-0.14	273.04	410	8869	24212818.0	273.01	433	11812	32254507.0	273.07
117	SBER	2023-12-04 11:10:00	273.15	273.48	273.15	273.26	0.0403	940	44168	120729670.0	0.0	0.03	273.34	488	22662	61948659.0	273.36	452	21506	58781011.0	273.32
118	SBER	2023-12-04 11:15:00	273.26	273.3	272.72	272.73	-0.194	714	30905	84357559.0	0.0001	-0.05	272.96	382	14747	40257082.0	272.98	332	16158	44100477.0	272.93
119	SBER	2023-12-04 11:20:00	272.72	272.73	271.75	272.34	-0.1393	3851	61618	167700008.0	0.0	0.12	272.16	2128	34653	94307449.0	272.15	1723	26965	73392559.0	272.18
120	SBER	2023-12-04 11:25:00	272.34	272.34	272.0	272.11	-0.0845	600	21026	57226270.0	0.0	0.27	272.17	277	13346	36328953.0	272.21	323	7680	20897316.0	272.1
121	SBER	2023-12-04 11:30:00	272.12	272.45	272.0	272.42	0.1102	562	20305	55264230.0	0.0	0.12	272.17	289	11355	30903993.0	272.16	273	8950	24360237.0	272.18
122	SBER	2023-12-04 11:35:00	272.43	272.5	272.4	272.4	-0.011	479	11931	32507640.0	0.0	0.07	272.46	237	6363	17336984.0	272.47	242	5568	15170655.0	272.46
123	SBER	2023-12-04 11:40:00	272.36	272.4	272.0	272.35	-0.0037	607	15564	42355935.0	0.0	0.1	272.14	302	8566	23310016.0	272.12	305	6998	19045919.0	272.16
124	SBER	2023-12-04 11:45:00	272.34	272.34	272.0	272.0	-0.1248	528	19339	52609342.0	0.0	0.15	272.04	262	11092	30173856.0	272.03	266	8247	22435485.0	272.04
125	SBER	2023-12-04 11:50:00	272.0	272.44	272.0	272.39	0.1434	589	15562	42346564.0	0.0	-0.1	272.12	292	7024	19114836.0	272.14	297	8538	23231728.0	272.1
126	SBER	2023-12-04 11:55:00	272.38	272.39	272.08	272.17	-0.0771	630	16672	45379012.0	0.0001	0.16	272.19	316	9698	26395051.0	272.17	314	6974	18983960.0	272.21
127	SBER	2023-12-04 12:00:00	272.16	273.0	272.16	273.0	0.3086	710	23284	63456717.0	0.0	-0.04	272.53	351	11201	30531819.0	272.58	359	12083	32924898.0	272.49
128	SBER	2023-12-04 12:05:00	273.0	273.45	272.99	273.01	0.0037	847	33384	91185502.0	0.0001	0.09	273.14	438	18234	49803142.0	273.13	409	15150	41382360.0	273.15
129	SBER	2023-12-04 12:10:00	273.01	273.01	272.7	272.95	-0.022	468	17432	47561190.0	0.0001	-0.3	272.84	214	6114	16679478.0	272.81	254	11318	30881711.0	272.85
130	SBER	2023-12-04 12:15:00	272.95	273.24	272.95	273.19	0.0879	370	7718	21082586.0	0.0001	0.02	273.16	183	3940	10762193.0	273.15	187	3778	10320392.0	273.17
131	SBER	2023-12-04 12:20:00	273.18	273.25	273.09	273.09	-0.0329	463	12991	35485266.0	0.0001	-0.03	273.15	241	6309	17233168.0	273.15	222	6682	18252098.0	273.15
132	SBER	2023-12-04 12:25:00	273.1	273.11	273.01	273.01	-0.033	409	10435	28491949.0	0.0	0.31	273.04	193	6835	18662309.0	273.04	216	3600	9829640.0	273.05
133	SBER	2023-12-04 12:30:00	273.01	273.2	272.8	273.2	0.0696	491	22938	62614479.0	0.0	0.33	272.97	253	15288	41732886.0	272.98	238	7650	20881593.0	272.96
134	SBER	2023-12-04 12:35:00	273.2	273.69	273.2	273.69	0.1794	1087	40075	109619845.0	0.0	0.1	273.54	562	22095	60438366.0	273.54	525	17980	49181478.0	273.53
135	SBER	2023-12-04 12:40:00	273.69	273.89	273.59	273.65	-0.0146	782	19627	53735721.0	0.0	0.04	273.78	369	10219	27978646.0	273.79	413	9408	25757075.0	273.78
136	SBER	2023-12-04 12:45:00	273.65	274.0	273.64	273.99	0.1242	904	40839	111880823.0	0.0	0.24	273.96	523	25223	69099176.0	273.95	381	15616	42781647.0	273.96
137	SBER	2023-12-04 12:50:00	273.99	274.5	273.99	274.5	0.1861	1179	45850	125736159.0	0.0	-0.34	274.23	555	15093	41398398.0	274.29	624	30757	84337761.0	274.21
138	SBER	2023-12-04 12:55:00	274.5	274.64	274.25	274.48	-0.0073	968	34830	95600382.0	0.0001	0.14	274.48	480	19884	54576574.0	274.47	488	14946	41023808.0	274.48
139	SBER	2023-12-04 13:00:00	274.46	274.48	274.04	274.37	-0.0328	537	24882	68247516.0	0.0001	-0.02	274.28	236	12164	33368540.0	274.32	301	12718	34878976.0	274.25
140	SBER	2023-12-04 13:05:00	274.38	274.95	274.3	274.71	0.1203	2206	71126	195360929.0	0.0	0.0	274.67	1026	35552	97643403.0	274.65	1180	35574	97717526.0	274.69
141	SBER	2023-12-04 13:10:00	274.68	274.86	274.11	274.17	-0.1857	782	33560	92118797.0	0.0001	-0.03	274.49	361	16246	44600896.0	274.53	421	17314	47517900.0	274.45
142	SBER	2023-12-04 13:15:00	274.15	274.18	273.65	273.72	-0.1568	692	35874	98263598.0	0.0	-0.15	273.91	361	15315	41949401.0	273.91	331	20559	56314197.0	273.92
143	SBER	2023-12-04 13:20:00	273.73	274.32	273.7	274.31	0.2119	856	37441	102579383.0	0.0001	0.02	273.98	432	19150	52464890.0	273.97	424	18291	50114492.0	273.98
144	SBER	2023-12-04 13:25:00	274.28	274.39	274.21	274.26	-0.0073	556	20105	55150757.0	0.0	-0.2	274.31	256	8080	22164819.0	274.32	300	12025	32985938.0	274.31
145	SBER	2023-12-04 13:30:00	274.26	274.26	273.47	273.72	-0.1969	750	38314	104909999.0	0.0001	0.1	273.82	378	21136	57876492.0	273.83	372	17178	47033506.0	273.8
146	SBER	2023-12-04 13:35:00	273.72	273.84	273.54	273.61	-0.0402	659	21124	57808402.0	0.0	0.04	273.66	315	10957	29984201.0	273.65	344	10167	27824201.0	273.67
147	SBER	2023-12-04 13:40:00	273.62	273.64	273.32	273.32	-0.1096	698	24928	68185157.0	0.0	0.07	273.53	374	13316	36421220.0	273.51	324	11612	31763936.0	273.54
148	SBER	2023-12-04 13:45:00	273.32	273.32	272.75	272.77	-0.2012	1003	30880	84313886.0	0.0	0.04	273.04	524	16053	43832467.0	273.05	479	14827	40481418.0	273.03
149	SBER	2023-12-04 13:50:00	272.77	273.05	272.25	272.75	-0.0073	1225	41019	111852206.0	0.0001	-0.05	272.68	628	19568	53357463.0	272.68	597	21451	58494743.0	272.69
150	SBER	2023-12-04 13:55:00	272.76	273.0	272.18	272.2	-0.2053	860	30030	81891402.0	0.0001	-0.06	272.7	406	14059	38333724.0	272.66	454	15971	43557678.0	272.73
151	SBER	2023-12-04 14:00:00	272.19	272.59	272.16	272.57	0.1396	849	31433	85605649.0	0.0001	0.09	272.34	454	17196	46832653.0	272.35	395	14237	38772995.0	272.34
152	SBER	2023-12-04 14:05:00	272.57	273.14	272.55	273.1	0.1944	522	8869	24206112.0	0.0001	-0.08	272.93	252	4076	11125748.0	272.96	270	4793	13080363.0	272.91
153	SBER	2023-12-04 14:10:00	273.05	273.07	272.78	272.89	-0.0586	571	13301	36299639.0	0.0001	-0.06	272.91	294	6235	17016862.0	272.92	277	7066	19282777.0	272.9
154	SBER	2023-12-04 14:15:00	272.9	273.26	272.84	273.26	0.1319	358	9658	26376705.0	0.0001	-0.1	273.11	163	4363	11917638.0	273.15	195	5295	14459066.0	273.07
155	SBER	2023-12-04 14:20:00	273.27	273.4	273.25	273.37	0.0366	239	10905	29808940.0	0.0	0.05	273.35	122	5712	15613634.0	273.35	117	5193	14195305.0	273.35
156	SBER	2023-12-04 14:25:00	273.38	273.4	273.09	273.4	0.0073	498	29694	81156251.0	0.0001	0.06	273.31	290	15730	42990434.0	273.3	208	13964	38165816.0	273.32
157	SBER	2023-12-04 14:30:00	273.33	273.4	273.26	273.34	0.0037	1242	7173	19608354.0	0.0	-0.12	273.36	624	3152	8616104.0	273.35	618	4021	10992250.0	273.37
158	SBER	2023-12-04 14:35:00	273.33	273.5	273.3	273.46	0.0476	235	11462	31337094.0	0.0001	-0.43	273.4	117	3239	8855296.0	273.4	118	8223	22481797.0	273.4
159	SBER	2023-12-04 14:40:00	273.45	273.46	273.25	273.37	-0.0293	220	8211	22445332.0	0.0001	0.06	273.36	102	4352	11896819.0	273.36	118	3859	10548512.0	273.35
160	SBER	2023-12-04 14:45:00	273.37	273.47	273.36	273.46	0.0329	162	8953	24480208.0	0.0	0.14	273.43	84	5107	13964163.0	273.43	78	3846	10516044.0	273.43
161	SBER	2023-12-04 14:50:00	273.45	273.52	273.44	273.44	-0.0037	300	8818	24115104.0	0.0	-0.06	273.48	150	4124	11277945.0	273.47	150	4694	12837158.0	273.48
162	SBER	2023-12-04 14:55:00	273.44	273.48	273.15	273.25	-0.0695	281	12403	33897404.0	0.0001	0.07	273.3	152	6616	18080476.0	273.28	129	5787	15816927.0	273.32
163	SBER	2023-12-04 15:00:00	273.25	273.33	273.15	273.24	-0.0037	260	13852	37849629.0	0.0001	-0.01	273.24	132	6843	18698197.0	273.25	128	7009	19151431.0	273.24
164	SBER	2023-12-04 15:05:00	273.26	273.47	273.25	273.44	0.0659	233	11789	32227530.0	0.0001	0.14	273.37	125	6726	18386902.0	273.37	108	5063	13840627.0	273.37
165	SBER	2023-12-04 15:10:00	273.44	273.45	273.34	273.41	-0.011	409	17259	47191486.0	0.0001	-0.01	273.43	194	8512	23274072.0	273.43	215	8747	23917414.0	273.44
166	SBER	2023-12-04 15:15:00	273.43	273.48	273.24	273.4	-0.011	251	14326	39161178.0	0.0001	-0.1	273.36	129	6433	17586761.0	273.38	122	7893	21574416.0	273.34
167	SBER	2023-12-04 15:20:00	273.39	273.41	273.02	273.02	-0.1353	342	18067	49366213.0	0.0001	-0.04	273.24	158	8700	23770576.0	273.23	184	9367	25595637.0	273.25
168	SBER	2023-12-04 15:25:00	273.06	273.19	273.05	273.15	0.033	115	1754	4791167.0	0.0	0.01	273.16	66	885	2417420.0	273.15	49	869	2373747.0	273.16
169	SBER	2023-12-04 15:30:00	273.16	273.5	273.15	273.5	0.1245	143	7254	19821543.0	0.0001	-0.09	273.25	73	3284	8975117.0	273.3	70	3970	10846425.0	273.21
170	SBER	2023-12-04 15:35:00	273.5	273.67	273.49	273.67	0.0622	230	7014	19189855.0	0.0	-0.15	273.59	116	2980	8153124.0	273.59	114	4034	11036731.0	273.59
171	SBER	2023-12-04 15:40:00	273.67	273.67	273.57	273.59	-0.0292	160	5429	14853866.0	0.0	-0.04	273.6	67	2618	7162783.0	273.6	93	2811	7691083.0	273.61
172	SBER	2023-12-04 15:45:00	273.64	274.19	273.59	274.05	0.1498	567	32569	89234022.0	0.0001	-0.12	273.98	253	14335	39274892.0	273.98	314	18234	49959129.0	273.99
173	SBER	2023-12-04 15:50:00	274.03	274.16	274.02	274.07	0.0146	157	6052	16587848.0	0.0	0.08	274.09	88	3270	8963087.0	274.1	69	2782	7624760.0	274.07
174	SBER	2023-12-04 15:55:00	274.03	274.1	273.89	273.94	-0.0328	267	9123	24998301.0	0.0	-0.05	274.01	128	4337	11883748.0	274.01	139	4786	13114553.0	274.02
175	SBER	2023-12-04 16:00:00	273.88	274.1	273.88	274.09	0.0767	244	8473	23216836.0	0.0001	-0.11	274.01	121	3768	10324687.0	274.01	123	4705	12892149.0	274.01
176	SBER	2023-12-04 16:05:00	274.1	274.18	274.1	274.16	0.0219	272	7296	20002252.0	0.0	0.09	274.15	150	3977	10903182.0	274.16	122	3319	9099070.0	274.15
177	SBER	2023-12-04 16:10:00	274.16	274.16	273.73	273.73	-0.1568	303	8421	23070557.0	0.0001	0.09	273.96	149	4597	12594514.0	273.97	154	3824	10476042.0	273.96
178	SBER	2023-12-04 16:15:00	273.72	273.73	273.06	273.25	-0.1717	549	30339	82921111.0	0.0001	-0.02	273.32	260	14839	40556585.0	273.31	289	15500	42364526.0	273.32
179	SBER	2023-12-04 16:20:00	273.24	273.46	273.24	273.38	0.0512	175	4606	12591345.0	0.0001	0.03	273.37	86	2367	6470350.0	273.36	89	2239	6120994.0	273.38
180	SBER	2023-12-04 16:25:00	273.38	273.38	273.26	273.26	-0.0439	215	6624	18103932.0	0.0001	0.11	273.31	107	3669	10027722.0	273.31	108	2955	8076210.0	273.31
181	SBER	2023-12-04 16:30:00	273.27	273.29	273.15	273.29	0.0073	345	10687	29202544.0	0.0	0.54	273.25	195	8248	22538045.0	273.25	150	2439	6664498.0	273.25
182	SBER	2023-12-04 16:35:00	273.29	273.59	273.28	273.47	0.0659	366	11523	31507738.0	0.0001	-0.19	273.43	171	4681	12799234.0	273.43	195	6842	18708504.0	273.44
183	SBER	2023-12-04 16:40:00	273.46	273.77	273.46	273.74	0.1024	265	11755	32168835.0	0.0001	0.1	273.66	142	6440	17623677.0	273.66	123	5315	14545157.0	273.66
184	SBER	2023-12-04 16:45:00	273.74	274.0	273.73	273.84	0.0365	314	10883	29807300.0	0.0001	-0.12	273.89	160	4777	13083739.0	273.89	154	6106	16723560.0	273.89
185	SBER	2023-12-04 16:50:00	273.87	273.89	273.59	273.73	-0.0511	386	10691	29270576.0	0.0	-0.06	273.79	183	5034	13781846.0	273.78	203	5657	15488729.0	273.8
186	SBER	2023-12-04 16:55:00	273.73	273.73	273.43	273.5	-0.084	219	10626	29068438.0	0.0001	0.26	273.56	111	6695	18314737.0	273.56	108	3931	10753700.0	273.56
187	SBER	2023-12-04 17:00:00	273.45	273.49	273.26	273.45	0.0	155	3893	10641389.0	0.0001	-0.13	273.35	74	1691	4622168.0	273.34	81	2202	6019221.0	273.35
188	SBER	2023-12-04 17:05:00	273.45	273.5	273.39	273.48	0.011	171	10582	28940337.0	0.0001	0.29	273.49	80	6825	18665485.0	273.49	91	3757	10274851.0	273.49
189	SBER	2023-12-04 17:10:00	273.48	273.49	273.1	273.17	-0.1134	263	8123	22202877.0	0.0	-0.02	273.33	118	3994	10918360.0	273.37	145	4129	11284516.0	273.3
190	SBER	2023-12-04 17:15:00	273.16	273.37	273.15	273.21	0.0183	603	15357	41965288.0	0.0	0.07	273.26	346	8242	22521678.0	273.26	257	7115	19443610.0	273.28
191	SBER	2023-12-04 17:20:00	273.2	273.2	272.34	272.39	-0.2965	1124	42650	116285615.0	0.0001	0.09	272.65	612	23224	63315536.0	272.63	512	19426	52970079.0	272.68
192	SBER	2023-12-04 17:25:00	272.38	272.59	272.32	272.55	0.0624	509	28969	78914691.0	0.0	0.07	272.41	252	15470	42141432.0	272.41	257	13499	36773258.0	272.41
193	SBER	2023-12-04 17:30:00	272.56	272.61	272.2	272.2	-0.1321	423	22034	60020876.0	0.0	0.14	272.4	221	12600	34320467.0	272.38	202	9434	25700409.0	272.42
194	SBER	2023-12-04 17:35:00	272.2	272.21	271.66	271.93	-0.0992	1609	82484	224326986.0	0.0001	0.15	271.96	828	47633	129548797.0	271.97	781	34851	94778189.0	271.95
195	SBER	2023-12-04 17:40:00	271.94	272.05	271.92	272.04	0.0368	329	45663	124210972.0	0.0	-0.23	272.02	160	17492	47582187.0	272.02	169	28171	76628784.0	272.01
196	SBER	2023-12-04 17:45:00	272.04	272.06	272.02	272.05	0.0037	350	17536	47704568.0	0.0	0.14	272.04	186	10004	27214759.0	272.04	164	7532	20489808.0	272.04
197	SBER	2023-12-04 17:50:00	272.05	272.06	272.02	272.02	-0.011	287	14295	38886213.0	0.0	0.1	272.03	142	7844	21337761.0	272.03	145	6451	17548452.0	272.03
198	SBER	2023-12-04 17:55:00	272.03	272.07	271.5	271.51	-0.1912	1006	65615	178257689.0	0.0001	-0.13	271.67	482	28406	77173555.0	271.68	524	37209	101084134.0	271.67
199	SBER	2023-12-04 18:00:00	271.51	272.0	271.5	271.99	0.1768	448	19706	53561566.0	0.0001	-0.02	271.8	211	9648	26222388.0	271.79	237	10058	27339178.0	271.82
200	SBER	2023-12-04 18:05:00	271.99	272.15	271.83	272.15	0.0588	628	27935	75968547.0	0.0001	-0.1	271.95	305	12563	34164485.0	271.95	323	15372	41804062.0	271.95
201	SBER	2023-12-04 18:10:00	272.14	272.68	272.14	272.25	0.0404	571	28618	77959882.0	0.0001	-0.08	272.42	269	13220	36015707.0	272.43	302	15398	41944175.0	272.4
202	SBER	2023-12-04 18:15:00	272.24	272.24	272.17	272.23	-0.0037	278	6667	18148029.0	0.0	0.33	272.21	146	4420	12031350.0	272.2	132	2247	6116679.0	272.22
203	SBER	2023-12-04 18:20:00	272.23	272.26	272.17	272.18	-0.0184	299	13483	36699650.0	0.0	0.08	272.19	148	7286	19831996.0	272.19	151	6197	16867654.0	272.19
204	SBER	2023-12-04 18:25:00	272.18	272.37	272.17	272.36	0.0661	315	12572	34223524.0	0.0	-0.09	272.22	150	5750	15652137.0	272.21	165	6822	18571387.0	272.23
205	SBER	2023-12-04 18:30:00	272.36	272.68	272.33	272.6	0.0881	273	16138	43978936.0	0.0001	0.13	272.52	147	9140	24908031.0	272.52	126	6998	19070905.0	272.52
206	SBER	2023-12-04 18:35:00	272.59	272.6	272.5	272.53	-0.022	235	9398	25615066.0	0.0001	-0.12	272.56	127	4115	11216158.0	272.57	108	5283	14398908.0	272.55
207	SBER	2023-12-04 18:40:00	272.52	272.6	272.4	272.41	-0.0404	250	15805	43073910.0	0.0001	0.15	272.53	115	9073	24726369.0	272.53	135	6732	18347540.0	272.54
208	SBER	2023-12-05 10:05:00	271.97	272.2	271.51	272.0	0.011	1549	81047	220406894.0	0.0001	-0.16	271.95	760	34189	92970792.0	271.93	789	46858	127436101.0	271.96
209	SBER	2023-12-05 10:10:00	272.0	273.45	272.0	273.06	0.3897	2176	90455	246950827.0	0.0001	-0.11	273.01	989	40164	109653200.0	273.01	1187	50291	137297627.0	273.01
210	SBER	2023-12-05 10:15:00	273.0	273.3	272.6	272.79	-0.0769	1218	58307	159200261.0	0.0001	-0.1	273.04	603	26190	71503990.0	273.02	615	32117	87696270.0	273.05
211	SBER	2023-12-05 10:20:00	272.79	272.91	272.75	272.78	-0.0037	641	24846	67786030.0	0.0	-0.21	272.82	307	9765	26641718.0	272.83	334	15081	41144311.0	272.82
212	SBER	2023-12-05 10:25:00	272.78	272.78	271.88	271.88	-0.3299	1294	59356	161606673.0	0.0001	-0.29	272.27	629	21078	57384026.0	272.25	665	38278	104222647.0	272.28
213	SBER	2023-12-05 10:30:00	271.89	272.25	271.29	271.3	-0.217	998	45458	123549706.0	0.0001	-0.01	271.79	484	22604	61436955.0	271.8	514	22854	62112750.0	271.78
214	SBER	2023-12-05 10:35:00	271.3	272.03	271.29	271.95	0.2396	948	40169	109112058.0	0.0001	-0.07	271.63	452	18633	50620551.0	271.67	496	21536	58491507.0	271.6
215	SBER	2023-12-05 10:40:00	271.96	272.35	271.75	272.03	0.0257	887	30331	82529082.0	0.0001	-0.02	272.09	455	14936	40638715.0	272.09	432	15395	41890366.0	272.1
216	SBER	2023-12-05 10:45:00	272.03	272.7	271.98	272.38	0.1287	913	58043	158176093.0	0.0001	-0.16	272.52	475	24422	66547104.0	272.49	438	33621	91628989.0	272.53
217	SBER	2023-12-05 10:50:00	272.39	272.43	272.16	272.19	-0.0734	546	16315	44423234.0	0.0001	-0.09	272.28	251	7408	20170781.0	272.28	295	8907	24252453.0	272.29
218	SBER	2023-12-05 10:55:00	272.23	272.33	271.48	271.68	-0.202	874	34683	94277170.0	0.0001	0.03	271.83	460	17929	48738605.0	271.84	414	16754	45538565.0	271.81
219	SBER	2023-12-05 11:00:00	271.66	271.71	271.4	271.63	-0.011	583	34238	92943246.0	0.0001	0.23	271.46	296	20995	56991231.0	271.45	287	13243	35952015.0	271.48
220	SBER	2023-12-05 11:05:00	271.63	271.63	270.6	271.04	-0.2172	2143	77786	210804381.0	0.0	0.08	271.01	1200	42017	113875927.0	271.02	943	35769	96928454.0	270.98
221	SBER	2023-12-05 11:10:00	271.04	271.14	270.57	270.59	-0.166	1074	41022	111115096.0	0.0001	-0.07	270.87	494	19114	51775989.0	270.88	580	21908	59339106.0	270.86
222	SBER	2023-12-05 11:15:00	270.59	271.22	270.54	271.15	0.207	983	46429	125701821.0	0.0001	-0.07	270.74	494	21704	58759463.0	270.73	489	24725	66942358.0	270.75
223	SBER	2023-12-05 11:20:00	271.1	271.22	271.02	271.08	-0.0074	465	14504	39316356.0	0.0	0.06	271.07	228	7655	20750354.0	271.07	237	6849	18566002.0	271.08
224	SBER	2023-12-05 11:25:00	271.07	271.1	270.71	270.81	-0.0959	785	31495	85319048.0	0.0001	0.07	270.9	388	16788	45476690.0	270.89	397	14707	39842358.0	270.91
225	SBER	2023-12-05 11:30:00	270.81	271.1	270.76	271.02	0.0775	1164	32979	89371102.0	0.0	0.25	270.99	597	20590	55799491.0	271.0	567	12389	33571610.0	270.98
226	SBER	2023-12-05 11:35:00	271.0	271.09	270.92	271.08	0.0295	707	18172	49253294.0	0.0001	0.01	271.04	373	9221	24992720.0	271.04	334	8951	24260573.0	271.04
227	SBER	2023-12-05 11:40:00	271.09	271.09	270.85	270.85	-0.0885	732	25392	68800621.0	0.0	0.05	270.95	380	13391	36282824.0	270.95	352	12001	32517797.0	270.96
228	SBER	2023-12-05 11:45:00	270.86	270.97	270.85	270.92	0.0222	487	14390	38981300.0	0.0	-0.1	270.89	260	6452	17477930.0	270.89	227	7938	21503370.0	270.89
229	SBER	2023-12-05 11:50:00	270.93	271.0	270.87	271.0	0.0258	516	21596	58514858.0	0.0	-0.13	270.95	259	9381	25418061.0	270.95	257	12215	33096796.0	270.95
230	SBER	2023-12-05 11:55:00	271.0	271.41	270.99	271.4	0.1476	798	56542	153322590.0	0.0	-0.11	271.17	395	25081	68010764.0	271.16	403	31461	85311825.0	271.17
231	SBER	2023-12-05 12:00:00	271.39	271.39	271.31	271.31	-0.0295	378	10611	28791882.0	0.0	-0.21	271.34	184	4188	11363682.0	271.34	194	6423	17428200.0	271.34
232	SBER	2023-12-05 12:05:00	271.31	271.79	271.06	271.65	0.1253	1110	39935	108396715.0	0.0001	0.15	271.43	576	22895	62140230.0	271.41	534	17040	46256484.0	271.46
233	SBER	2023-12-05 12:10:00	271.65	271.78	271.51	271.63	-0.0074	598	26433	71821482.0	0.0	-0.1	271.71	287	11931	32417315.0	271.71	311	14502	39404166.0	271.72
234	SBER	2023-12-05 12:15:00	271.61	271.74	271.59	271.71	0.0368	356	16522	44884291.0	0.0001	0.28	271.66	193	10577	28734470.0	271.67	163	5945	16149821.0	271.65
235	SBER	2023-12-05 12:20:00	271.7	271.78	271.65	271.78	0.0294	494	13272	36064011.0	0.0	-0.21	271.73	259	5215	14170502.0	271.73	235	8057	21893508.0	271.73
236	SBER	2023-12-05 12:25:00	271.78	271.8	271.59	271.59	-0.0699	460	21399	58149496.0	0.0	0.26	271.74	225	13534	36780409.0	271.76	235	7865	21369087.0	271.7
237	SBER	2023-12-05 12:30:00	271.59	271.6	271.57	271.57	-0.0074	337	13798	37474871.0	0.0	0.13	271.6	165	7808	21206301.0	271.6	172	5990	16268570.0	271.6
238	SBER	2023-12-05 12:35:00	271.58	271.58	271.27	271.28	-0.1105	566	12378	33591959.0	0.0	-0.05	271.38	264	5864	15913611.0	271.38	302	6514	17678347.0	271.39
239	SBER	2023-12-05 12:40:00	271.27	272.18	271.27	272.06	0.2912	1095	40951	111328371.0	0.0	-0.07	271.86	520	19073	51846848.0	271.83	575	21878	59481523.0	271.88
240	SBER	2023-12-05 12:45:00	272.06	272.65	272.0	272.64	0.2132	1166	40653	110756399.0	0.0	-0.02	272.44	554	19868	54131967.0	272.46	612	20785	56624432.0	272.43
241	SBER	2023-12-05 12:50:00	272.64	273.0	272.52	272.53	-0.0403	959	27013	73687643.0	0.0	0.0	272.79	498	13473	36750803.0	272.77	461	13540	36936839.0	272.8
242	SBER	2023-12-05 12:55:00	272.52	272.53	272.07	272.28	-0.0881	607	38079	103685398.0	0.0001	0.2	272.29	316	22775	62008210.0	272.26	291	15304	41677188.0	272.33
243	SBER	2023-12-05 13:00:00	272.28	272.3	272.17	272.3	0.0073	351	11320	30818879.0	0.0001	0.01	272.25	171	5699	15514560.0	272.23	180	5621	15304318.0	272.27
244	SBER	2023-12-05 13:05:00	272.3	272.6	272.3	272.54	0.0881	515	16218	44188188.0	0.0001	0.17	272.46	277	9466	25792230.0	272.47	238	6752	18395958.0	272.45
245	SBER	2023-12-05 13:10:00	272.53	272.63	272.53	272.6	0.0257	368	7324	19962877.0	0.0001	0.1	272.57	189	4015	10943538.0	272.57	179	3309	9019339.0	272.57
246	SBER	2023-12-05 13:15:00	272.61	272.7	272.6	272.7	0.033	496	19442	53014955.0	0.0	-0.04	272.68	232	9329	25438627.0	272.68	264	10113	27576327.0	272.68
247	SBER	2023-12-05 13:20:00	272.7	273.37	272.69	273.25	0.2017	1152	53171	145198349.0	0.0	0.04	273.08	606	27597	75361808.0	273.08	546	25574	69836540.0	273.08
248	SBER	2023-12-05 13:25:00	273.24	273.78	273.24	273.57	0.1208	2082	75687	207035752.0	0.0001	-0.18	273.54	959	31013	84827383.0	273.52	1123	44674	122208369.0	273.56
249	SBER	2023-12-05 13:30:00	273.57	273.79	273.5	273.54	-0.011	787	36083	98735151.0	0.0001	-0.15	273.63	410	15273	41793824.0	273.65	377	20810	56941326.0	273.62
250	SBER	2023-12-05 13:35:00	273.54	273.54	273.01	273.15	-0.1426	799	41558	113547043.0	0.0001	0.0	273.23	399	20852	56979435.0	273.26	400	20706	56567607.0	273.19
251	SBER	2023-12-05 13:40:00	273.15	273.49	273.14	273.49	0.1245	439	5396	14744820.0	0.0	0.06	273.25	231	2870	7842527.0	273.26	208	2526	6902293.0	273.25
252	SBER	2023-12-05 13:45:00	273.5	273.77	273.49	273.72	0.0804	748	40030	109566616.0	0.0	0.15	273.71	362	22919	62734577.0	273.72	386	17111	46832039.0	273.7
253	SBER	2023-12-05 13:50:00	273.72	273.8	273.36	273.62	-0.0365	665	36150	98922301.0	0.0001	-0.02	273.64	323	17764	48603450.0	273.61	342	18386	50318851.0	273.68
254	SBER	2023-12-05 13:55:00	273.6	273.8	273.21	273.79	0.0694	711	52331	143157897.0	0.0002	0.02	273.56	358	26744	73168777.0	273.59	353	25587	69989120.0	273.53
255	SBER	2023-12-05 14:00:00	273.81	273.91	273.6	273.91	0.0365	779	28618	78355812.0	0.0001	0.09	273.8	360	15609	42738249.0	273.81	419	13009	35617563.0	273.79
256	SBER	2023-12-05 14:05:00	273.91	273.95	273.53	273.69	-0.0803	576	21662	59321577.0	0.0001	0.18	273.85	288	12744	34899879.0	273.85	288	8918	24421698.0	273.85
257	SBER	2023-12-05 14:10:00	273.69	274.1	273.68	274.09	0.1462	970	45224	123895243.0	0.0	-0.17	273.96	460	18822	51564239.0	273.96	510	26402	72331003.0	273.96
258	SBER	2023-12-05 14:15:00	274.1	274.33	274.04	274.27	0.062	837	33903	92965004.0	0.0001	0.02	274.21	405	17368	47623563.0	274.2	432	16535	45341441.0	274.21
259	SBER	2023-12-05 14:20:00	274.25	274.63	274.21	274.61	0.1313	1518	42601	116920098.0	0.0	-0.08	274.45	691	19645	53919336.0	274.47	827	22956	63000761.0	274.44
260	SBER	2023-12-05 14:25:00	274.61	274.61	273.87	273.92	-0.2513	866	61195	167779268.0	0.0001	0.07	274.17	440	32622	89441522.0	274.18	426	28573	78337746.0	274.17
261	SBER	2023-12-05 14:30:00	273.92	273.94	273.6	273.64	-0.1022	548	29284	80180494.0	0.0	0.07	273.8	260	15704	42997802.0	273.8	288	13580	37182691.0	273.8
262	SBER	2023-12-05 14:35:00	273.64	274.2	273.64	274.19	0.201	338	16557	45359814.0	0.0	0.13	273.96	171	9332	25567244.0	273.97	167	7225	19792570.0	273.95
263	SBER	2023-12-05 14:40:00	274.19	274.2	273.71	273.85	-0.124	654	14400	39446870.0	0.0	-0.1	273.94	347	6488	17775348.0	273.97	307	7912	21671522.0	273.91
264	SBER	2023-12-05 14:45:00	273.81	274.2	273.81	274.2	0.1424	282	12294	33688417.0	0.0001	-0.07	274.02	136	5706	15635605.0	274.02	146	6588	18052811.0	274.03
265	SBER	2023-12-05 14:50:00	274.16	274.45	274.16	274.42	0.0948	321	12622	34630437.0	0.0	0.03	274.37	155	6505	17847360.0	274.36	166	6117	16783077.0	274.37
266	SBER	2023-12-05 14:55:00	274.43	274.45	274.35	274.45	0.0073	238	10583	29039066.0	0.0	0.32	274.39	121	7001	19210139.0	274.39	117	3582	9828926.0	274.4
267	SBER	2023-12-05 15:00:00	274.44	275.41	274.38	275.11	0.2441	2373	89500	246110800.0	0.0	-0.11	274.98	979	40003	109994812.0	274.97	1394	49497	136115988.0	275.0
268	SBER	2023-12-05 15:05:00	275.14	275.32	275.1	275.26	0.0436	574	28389	78133991.0	0.0001	-0.06	275.23	299	13352	36747510.0	275.22	275	15037	41386481.0	275.23
269	SBER	2023-12-05 15:10:00	275.26	275.49	275.22	275.49	0.0836	591	54129	149040885.0	0.0001	-0.06	275.34	281	25374	69864330.0	275.34	310	28755	79176554.0	275.35
270	SBER	2023-12-05 15:15:00	275.48	276.1	275.48	275.72	0.0871	1698	120140	331440922.0	0.0001	0.02	275.88	886	61086	168530473.0	275.89	812	59054	162910449.0	275.87
271	SBER	2023-12-05 15:20:00	275.69	275.9	275.5	275.5	-0.0689	554	25346	69874409.0	0.0001	0.29	275.68	314	16372	45133225.0	275.67	240	8974	24741184.0	275.7
272	SBER	2023-12-05 15:25:00	275.5	276.09	275.5	276.06	0.2033	687	32432	89456258.0	0.0001	0.16	275.83	360	18890	52103119.0	275.82	327	13542	37353138.0	275.83
273	SBER	2023-12-05 15:30:00	276.06	276.35	276.06	276.22	0.058	1947	59537	164418535.0	0.0	-0.02	276.16	976	29032	80172770.0	276.15	971	30505	84245764.0	276.17
274	SBER	2023-12-05 15:35:00	276.24	276.32	276.1	276.1	-0.0507	503	34682	95784379.0	0.0001	-0.34	276.18	249	11441	31597389.0	276.18	254	23241	64186989.0	276.18
275	SBER	2023-12-05 15:40:00	276.1	276.18	275.67	275.68	-0.1521	656	59576	164425940.0	0.0	0.39	275.99	345	41530	114624996.0	276.01	311	18046	49800944.0	275.97
276	SBER	2023-12-05 15:45:00	275.68	276.05	275.67	275.84	0.058	519	34489	95156220.0	0.0	0.1	275.9	260	19021	52480375.0	275.91	259	15468	42675845.0	275.9
277	SBER	2023-12-05 15:50:00	275.83	275.9	275.25	275.46	-0.1341	819	48860	134648684.0	0.0003	0.02	275.58	408	24956	68769140.0	275.56	411	23904	65879543.0	275.6
278	SBER	2023-12-05 15:55:00	275.44	275.87	275.44	275.63	0.069	445	25494	70292010.0	0.0001	0.03	275.72	212	13078	36058042.0	275.72	233	12416	34233967.0	275.72
279	SBER	2023-12-05 16:00:00	275.59	275.6	275.28	275.28	-0.1125	490	17911	49328995.0	0.0001	-0.05	275.41	242	8531	23495733.0	275.42	248	9380	25833262.0	275.41
280	SBER	2023-12-05 16:05:00	275.29	275.69	275.29	275.58	0.1053	403	21473	59144576.0	0.0001	0.16	275.44	209	12440	34263467.0	275.43	194	9033	24881109.0	275.45
281	SBER	2023-12-05 16:10:00	275.58	275.85	275.42	275.84	0.0943	306	11142	30713921.0	0.0	-0.03	275.66	156	5397	14879309.0	275.7	150	5745	15834611.0	275.62
282	SBER	2023-12-05 16:15:00	275.85	276.26	275.84	276.01	0.058	612	28488	78660820.0	0.0	-0.01	276.12	315	14060	38823914.0	276.13	297	14428	39836905.0	276.11
283	SBER	2023-12-05 16:20:00	276.02	276.02	275.74	275.75	-0.0978	400	10707	29534151.0	0.0	0.01	275.84	205	5392	14874419.0	275.86	195	5315	14659731.0	275.82
284	SBER	2023-12-05 16:25:00	275.75	275.76	275.56	275.71	-0.0145	317	7709	21251625.0	0.0	-0.05	275.67	141	3662	10094989.0	275.67	176	4047	11156636.0	275.68
285	SBER	2023-12-05 16:30:00	275.71	275.75	275.25	275.28	-0.156	580	29614	81573939.0	0.0001	0.1	275.46	322	16306	44912696.0	275.44	258	13308	36661243.0	275.48
286	SBER	2023-12-05 16:35:00	275.32	275.38	274.84	274.98	-0.1235	960	66261	182241256.0	0.0001	0.15	275.04	486	37982	104460848.0	275.03	474	28279	77780408.0	275.05
287	SBER	2023-12-05 16:40:00	274.98	275.3	274.86	275.26	0.1018	584	43355	119272264.0	0.0001	-0.03	275.11	279	20973	57696807.0	275.1	305	22382	61575456.0	275.11
288	SBER	2023-12-05 16:45:00	275.25	275.3	274.98	275.05	-0.0727	412	20459	56289210.0	0.0001	-0.14	275.13	187	8826	24281986.0	275.12	225	11633	32007224.0	275.14
289	SBER	2023-12-05 16:50:00	275.07	275.08	274.93	275.05	-0.0073	437	31690	87146682.0	0.0	0.33	275.0	205	21027	57823822.0	275.0	232	10663	29322860.0	275.0
290	SBER	2023-12-05 16:55:00	275.07	276.0	275.07	275.91	0.3054	772	39252	108283337.0	0.0001	0.03	275.87	380	20296	55990649.0	275.87	392	18956	52292687.0	275.86
291	SBER	2023-12-05 17:00:00	275.93	276.03	275.85	275.99	0.0217	447	20919	57727593.0	0.0	0.04	275.96	224	10929	30159433.0	275.96	223	9990	27568160.0	275.96
292	SBER	2023-12-05 17:05:00	275.99	276.0	275.74	275.99	0.0	427	20149	55590972.0	0.0001	0.23	275.9	232	12387	34176022.0	275.9	195	7762	21414949.0	275.89
293	SBER	2023-12-05 17:10:00	275.96	275.99	275.86	275.97	0.0036	266	7060	19482284.0	0.0	0.32	275.95	148	4658	12853620.0	275.95	118	2402	6628664.0	275.96
294	SBER	2023-12-05 17:15:00	275.98	276.88	275.98	276.88	0.3261	1894	92408	255549160.0	0.0001	0.0	276.54	901	46207	127781217.0	276.54	993	46201	127767942.0	276.55
295	SBER	2023-12-05 17:20:00	276.88	277.0	276.68	276.7	-0.065	916	51772	143346671.0	0.0001	0.08	276.88	462	27969	77439701.0	276.88	454	23803	65906970.0	276.89
296	SBER	2023-12-05 17:25:00	276.7	276.71	276.43	276.44	-0.094	495	21496	59461153.0	0.0001	-0.11	276.61	244	9515	26320099.0	276.62	251	11981	33141053.0	276.61
297	SBER	2023-12-05 17:30:00	276.45	276.51	276.38	276.5	0.0181	373	18561	51310813.0	0.0001	-0.19	276.44	186	7560	20899866.0	276.45	187	11001	30410947.0	276.44
298	SBER	2023-12-05 17:35:00	276.51	276.84	276.51	276.82	0.1121	530	25742	71231954.0	0.0	-0.24	276.71	238	9724	26906394.0	276.7	292	16018	44325560.0	276.72
299	SBER	2023-12-05 17:40:00	276.82	277.2	276.82	277.1	0.1011	1108	60057	166373735.0	0.0001	-0.03	277.03	527	29000	80337123.0	277.02	581	31057	86036611.0	277.03
300	SBER	2023-12-05 17:45:00	277.04	277.09	276.74	276.75	-0.1047	634	33412	92519403.0	0.0001	0.1	276.9	323	18308	50696785.0	276.91	311	15104	41822618.0	276.9
301	SBER	2023-12-05 17:50:00	276.75	276.9	276.69	276.85	0.0361	525	24889	68893815.0	0.0	-0.19	276.8	246	10063	27854775.0	276.8	279	14826	41039039.0	276.8
302	SBER	2023-12-05 17:55:00	276.85	276.92	276.84	276.85	0.0	414	21499	59526347.0	0.0	-0.17	276.88	185	8895	24627867.0	276.87	229	12604	34898480.0	276.88
303	SBER	2023-12-05 18:00:00	276.85	276.88	276.77	276.83	-0.0072	517	21538	59622730.0	0.0	0.15	276.83	280	12342	34165990.0	276.83	237	9196	25456740.0	276.82
304	SBER	2023-12-05 18:05:00	276.84	277.25	276.71	277.23	0.1409	859	84919	235159162.0	0.0001	0.24	276.92	402	52852	146352229.0	276.91	457	32067	88806932.0	276.94
305	SBER	2023-12-05 18:10:00	277.21	277.29	276.85	277.1	-0.0397	654	42112	116687131.0	0.0001	0.2	277.09	316	25292	70076536.0	277.07	338	16820	46610595.0	277.11
306	SBER	2023-12-05 18:15:00	277.1	277.36	277.1	277.31	0.0758	637	19261	53408528.0	0.0	0.09	277.29	324	10514	29153796.0	277.29	313	8747	24254732.0	277.29
307	SBER	2023-12-05 18:20:00	277.32	277.45	277.3	277.39	0.0252	451	24935	69159361.0	0.0001	0.07	277.36	244	13380	37111081.0	277.36	207	11555	32048280.0	277.35
308	SBER	2023-12-05 18:25:00	277.39	277.69	277.26	277.27	-0.0433	1075	74770	207505569.0	0.0	-0.14	277.53	505	32324	89709850.0	277.53	570	42446	117795719.0	277.52
309	SBER	2023-12-05 18:30:00	277.27	277.43	277.15	277.24	-0.0108	456	25381	70372954.0	0.0001	-0.02	277.27	232	12486	34618698.0	277.26	224	12895	35754256.0	277.27
310	SBER	2023-12-05 18:35:00	277.25	277.36	277.16	277.18	-0.0252	374	16819	46629035.0	0.0001	-0.38	277.24	172	5239	14524194.0	277.23	202	11580	32104841.0	277.24
311	SBER	2023-12-05 18:40:00	277.18	277.18	276.86	276.86	-0.1154	828	38953	107915220.0	0.0001	0.04	277.04	421	20208	55983007.0	277.03	407	18745	51932212.0	277.05
312	SBER	2023-12-06 10:05:00	279.92	280.79	279.5	279.5	-0.15	4735	304283	852432774.0	0.0001	0.13	280.14	2393	172010	482020620.0	280.23	2342	132273	370412153.0	280.04
313	SBER	2023-12-06 10:10:00	279.51	279.53	277.75	278.44	-0.3828	3866	226135	629701557.0	0.0001	-0.08	278.46	1630	103819	289073929.0	278.44	2236	122316	340627628.0	278.48
314	SBER	2023-12-06 10:15:00	278.43	278.81	278.02	278.75	0.1149	1415	64309	179041306.0	0.0	0.45	278.41	888	46495	129465720.0	278.45	527	17814	49575586.0	278.3
315	SBER	2023-12-06 10:20:00	278.75	278.75	277.13	278.05	-0.2511	2595	112702	313006356.0	0.0	-0.17	277.73	915	46528	129213788.0	277.71	1680	66174	183792568.0	277.74
316	SBER	2023-12-06 10:25:00	278.04	278.63	277.8	277.98	-0.0216	1566	60794	169100390.0	0.0	0.13	278.15	691	34324	95479785.0	278.17	875	26470	73620605.0	278.13
317	SBER	2023-12-06 10:30:00	277.98	277.98	277.24	277.4	-0.2086	1563	55737	154646904.0	0.0	-0.23	277.46	504	21487	59605732.0	277.4	1059	34250	95041171.0	277.49
318	SBER	2023-12-06 10:35:00	277.43	277.43	274.01	275.95	-0.5335	8746	680551	1874194206.0	0.0001	-0.04	275.39	3661	327192	899813412.0	275.01	5085	353359	974380794.0	275.75
319	SBER	2023-12-06 10:40:00	275.99	276.39	275.45	276.29	0.1087	1746	112696	310980281.0	0.0	0.23	275.95	893	69550	191998075.0	276.06	853	43146	118982205.0	275.77
320	SBER	2023-12-06 10:45:00	276.3	276.5	273.56	274.0	-0.8324	5558	462665	1273296160.0	0.0001	-0.51	275.21	1512	114363	314780286.0	275.25	4046	348302	958515874.0	275.2
321	SBER	2023-12-06 10:50:00	274.0	275.84	273.9	275.2	0.438	4857	264298	726924224.0	0.0001	0.25	275.04	2946	164571	452564708.0	275.0	1911	99727	274359516.0	275.11
322	SBER	2023-12-06 10:55:00	275.23	275.35	274.48	275.0	-0.0836	2072	85156	234136524.0	0.0	-0.32	274.95	716	29060	79926429.0	275.04	1356	56096	154210095.0	274.9
323	SBER	2023-12-06 11:00:00	275.0	275.01	274.0	274.37	-0.2291	2540	170692	468176552.0	0.0001	-0.5	274.28	807	42923	117747455.0	274.32	1733	127769	350429097.0	274.27
324	SBER	2023-12-06 11:05:00	274.35	274.37	272.25	273.19	-0.4228	6047	463826	1266494990.0	0.0001	-0.49	273.05	1892	118938	324620333.0	272.93	4155	344888	941874656.0	273.1
325	SBER	2023-12-06 11:10:00	273.18	273.45	272.42	273.2	0.0073	3366	139936	382108293.0	0.0	0.07	273.06	2259	74862	204439068.0	273.09	1107	65074	177669225.0	273.03
326	SBER	2023-12-06 11:15:00	273.2	273.21	271.73	272.15	-0.3843	4765	266582	725981584.0	0.0	-0.37	272.33	1578	83695	227820462.0	272.2	3187	182887	498161122.0	272.39
327	SBER	2023-12-06 11:20:00	272.17	273.45	272.15	273.09	0.338	2479	143872	392743983.0	0.0001	0.05	272.98	1566	75481	205987721.0	272.9	913	68391	186756261.0	273.07
328	SBER	2023-12-06 11:25:00	273.09	273.96	273.03	273.64	0.2014	2123	113716	311145091.0	0.0	0.6	273.62	1574	91038	249097001.0	273.62	549	22678	62048090.0	273.6
329	SBER	2023-12-06 11:30:00	273.63	273.73	272.75	273.26	-0.1352	1317	66819	182570976.0	0.0	-0.19	273.23	594	27017	73838001.0	273.3	723	39802	108732975.0	273.18
330	SBER	2023-12-06 11:35:00	273.26	273.9	273.25	273.9	0.2342	1090	50300	137552769.0	0.0	0.74	273.46	863	43880	119999952.0	273.47	227	6420	17552817.0	273.41
331	SBER	2023-12-06 11:40:00	273.89	273.95	273.52	273.6	-0.1059	1111	63336	173367828.0	0.0	0.43	273.73	702	45258	123878945.0	273.72	409	18078	49488883.0	273.75
332	SBER	2023-12-06 11:45:00	273.6	274.0	273.6	274.0	0.1462	1400	92571	253595170.0	0.0	0.56	273.95	1159	72071	197441222.0	273.95	241	20500	56153947.0	273.92
333	SBER	2023-12-06 11:50:00	274.0	274.79	273.99	274.6	0.219	1879	117081	321268836.0	0.0	0.52	274.4	1433	89238	244837913.0	274.37	446	27843	76430923.0	274.51
334	SBER	2023-12-06 11:55:00	274.6	274.6	274.0	274.01	-0.2149	1075	70840	194290899.0	0.0	-0.59	274.27	469	14376	39449498.0	274.41	606	56464	154841400.0	274.23
335	SBER	2023-12-06 12:00:00	274.01	274.13	273.31	273.34	-0.2445	1217	64542	176690031.0	0.0	-0.47	273.76	454	17142	46937840.0	273.82	763	47400	129752191.0	273.74
336	SBER	2023-12-06 12:05:00	273.35	274.47	273.04	274.41	0.3878	1460	66953	183225148.0	0.0	0.24	273.66	1042	41567	113774789.0	273.71	418	25386	69450358.0	273.58
337	SBER	2023-12-06 12:10:00	274.41	274.42	273.8	273.88	-0.1931	559	19951	54684215.0	0.0	-0.46	274.09	356	5400	14800710.0	274.09	203	14551	39883505.0	274.09
338	SBER	2023-12-06 12:15:00	273.89	273.89	273.11	273.29	-0.2191	1027	56469	154492474.0	0.0	-0.76	273.59	310	6909	18894885.0	273.48	717	49560	135597589.0	273.6
339	SBER	2023-12-06 12:20:00	273.29	273.97	273.16	273.97	0.2488	1287	81965	224191793.0	0.0001	0.21	273.52	701	49456	135279050.0	273.53	586	32509	88912743.0	273.5
340	SBER	2023-12-06 12:25:00	273.97	274.22	273.88	274.14	0.0621	923	53114	145583745.0	0.0	0.14	274.1	505	30210	82809153.0	274.11	418	22904	62774592.0	274.08
341	SBER	2023-12-06 12:30:00	274.13	274.13	273.49	273.75	-0.1386	541	20198	55297099.0	0.0	-0.69	273.78	179	3132	8571574.0	273.68	362	17066	46725524.0	273.79
342	SBER	2023-12-06 12:35:00	273.75	273.79	273.31	273.49	-0.095	1120	21756	59489042.0	0.0	-0.07	273.44	617	10113	27650567.0	273.42	503	11643	31838475.0	273.46
343	SBER	2023-12-06 12:40:00	273.49	273.75	273.44	273.61	0.0439	759	34159	93474425.0	0.0	0.24	273.65	277	21142	57854145.0	273.65	482	13017	35620280.0	273.64
344	SBER	2023-12-06 12:45:00	273.61	273.61	272.4	272.41	-0.4386	2211	84746	231339961.0	0.0	-0.65	272.98	383	14802	40396926.0	272.92	1828	69944	190943034.0	272.99
345	SBER	2023-12-06 12:50:00	272.41	273.15	272.23	273.0	0.2166	1265	69094	188418388.0	0.0	0.11	272.7	647	38357	104585236.0	272.66	618	30737	83833152.0	272.74
346	SBER	2023-12-06 12:55:00	273.01	273.1	272.56	273.07	0.022	763	24659	67264354.0	0.0001	-0.01	272.78	288	12180	33231985.0	272.84	475	12479	34032368.0	272.72
347	SBER	2023-12-06 13:00:00	273.08	273.28	273.02	273.17	0.033	609	24367	66564826.0	0.0	-0.26	273.18	288	9016	24630148.0	273.18	321	15351	41934678.0	273.17
348	SBER	2023-12-06 13:05:00	273.16	273.68	273.13	273.26	0.0366	1609	56644	154815206.0	0.0	-0.07	273.31	436	26481	72385648.0	273.35	1173	30163	82429558.0	273.28
349	SBER	2023-12-06 13:10:00	273.26	273.4	272.39	272.45	-0.2964	1285	42102	114939227.0	0.0	-0.3	273.0	339	14640	39985762.0	273.13	946	27462	74953465.0	272.94
350	SBER	2023-12-06 13:15:00	272.45	272.79	272.42	272.76	0.1138	474	12418	33855488.0	0.0001	0.35	272.63	283	8399	22899432.0	272.64	191	4019	10956056.0	272.61
351	SBER	2023-12-06 13:20:00	272.73	272.8	271.25	271.3	-0.5243	4392	177897	483493641.0	0.0	-0.56	271.78	763	38784	105369278.0	271.68	3629	139113	378124363.0	271.81
352	SBER	2023-12-06 13:25:00	271.3	271.75	269.31	269.71	-0.5861	7250	407854	1103076465.0	0.0	-0.47	270.46	1730	107151	289970784.0	270.62	5520	300703	813105681.0	270.4
353	SBER	2023-12-06 13:30:00	269.71	271.1	269.47	270.68	0.3596	2904	176363	476762871.0	0.0	0.16	270.33	1699	102225	276322800.0	270.31	1205	74138	200440070.0	270.36
354	SBER	2023-12-06 13:35:00	270.68	270.71	269.94	270.35	-0.1219	2604	154470	417569791.0	0.0	-0.4	270.32	1005	46248	125043816.0	270.38	1599	108222	292525975.0	270.3
355	SBER	2023-12-06 13:40:00	270.35	270.8	270.34	270.71	0.1332	1113	118212	319712901.0	0.0	0.61	270.46	862	95288	257708924.0	270.45	251	22924	62003976.0	270.48
356	SBER	2023-12-06 13:45:00	270.71	270.8	270.34	270.4	-0.1145	1253	48000	129878823.0	0.0	-0.55	270.58	582	10689	28931832.0	270.67	671	37311	100946991.0	270.56
357	SBER	2023-12-06 13:50:00	270.41	270.89	269.5	270.87	0.1701	2701	153949	415631044.0	0.0	-0.36	269.98	1106	48964	132286875.0	270.17	1595	104985	283344168.0	269.89
358	SBER	2023-12-06 13:55:00	270.87	271.1	270.84	271.1	0.0849	1329	90139	244336206.0	0.0	0.49	271.07	904	67369	182615823.0	271.07	425	22770	61720383.0	271.06
359	SBER	2023-12-06 14:00:00	271.1	271.7	271.01	271.65	0.2029	1135	53065	144029639.0	0.0	0.22	271.42	761	32308	87699168.0	271.45	374	20757	56330470.0	271.38
360	SBER	2023-12-06 14:05:00	271.66	272.1	271.5	271.54	-0.0442	1373	63657	173084420.0	0.0001	0.4	271.9	895	44541	121119486.0	271.93	478	19116	51964934.0	271.84
361	SBER	2023-12-06 14:10:00	271.57	272.27	270.9	272.27	0.2578	1656	83668	227119820.0	0.0	0.16	271.45	853	48701	132301009.0	271.66	803	34967	94818810.0	271.17
362	SBER	2023-12-06 14:15:00	272.27	272.28	272.0	272.12	-0.0551	952	53032	144321857.0	0.0	-0.15	272.14	501	22553	61380495.0	272.16	451	30479	82941362.0	272.13
363	SBER	2023-12-06 14:20:00	272.12	272.39	271.31	271.97	-0.0551	968	58815	159981453.0	0.0001	0.23	272.01	433	36204	98488059.0	272.04	535	22611	61493394.0	271.96
364	SBER	2023-12-06 14:25:00	271.97	271.97	271.53	271.7	-0.0993	393	16738	45484865.0	0.0001	-0.21	271.75	205	6609	17959503.0	271.74	188	10129	27525361.0	271.75
365	SBER	2023-12-06 14:30:00	271.7	271.7	270.5	270.94	-0.2797	1330	53462	144874260.0	0.0001	-0.28	270.99	401	19191	52023201.0	271.08	929	34271	92851059.0	270.93
366	SBER	2023-12-06 14:35:00	270.94	271.63	270.77	271.62	0.251	421	14333	38872198.0	0.0	0.56	271.21	281	11155	30255658.0	271.23	140	3178	8616539.0	271.13
367	SBER	2023-12-06 14:40:00	271.59	271.62	271.09	271.19	-0.1473	401	13216	35855517.0	0.0	-0.29	271.3	154	4689	12720497.0	271.28	247	8527	23135020.0	271.31
368	SBER	2023-12-06 14:45:00	271.2	271.33	271.07	271.07	-0.0479	389	19518	52926582.0	0.0001	-0.7	271.17	153	2975	8068401.0	271.21	236	16543	44858181.0	271.16
369	SBER	2023-12-06 14:50:00	271.08	271.14	270.72	270.76	-0.118	725	30045	81393610.0	0.0	-0.26	270.91	278	11093	30047495.0	270.87	447	18952	51346115.0	270.93
370	SBER	2023-12-06 14:55:00	270.77	271.51	270.75	271.41	0.2364	536	21317	57827073.0	0.0	0.6	271.27	380	17062	46285432.0	271.28	156	4255	11541641.0	271.25
371	SBER	2023-12-06 15:00:00	271.41	271.57	271.33	271.34	-0.0258	480	12598	34194212.0	0.0	0.03	271.43	283	6472	17568189.0	271.45	197	6126	16626022.0	271.4
372	SBER	2023-12-06 15:05:00	271.34	271.34	270.5	270.71	-0.2322	943	29629	80245731.0	0.0	-0.54	270.84	253	6851	18551921.0	270.79	690	22778	61693810.0	270.85
373	SBER	2023-12-06 15:10:00	270.72	270.88	270.6	270.6	-0.0443	373	11090	30022446.0	0.0	-0.38	270.72	162	3412	9237464.0	270.73	211	7678	20784981.0	270.71
374	SBER	2023-12-06 15:15:00	270.63	270.63	270.01	270.14	-0.1811	1364	64729	174899150.0	0.0	-0.49	270.2	421	16615	44892510.0	270.19	943	48114	130006639.0	270.21
375	SBER	2023-12-06 15:20:00	270.14	270.58	269.82	270.39	0.0925	1693	85946	232181172.0	0.0	-0.25	270.15	445	32196	86980836.0	270.16	1248	53750	145200336.0	270.14
376	SBER	2023-12-06 15:25:00	270.39	270.39	269.71	269.94	-0.1664	932	33315	89939592.0	0.0	-0.5	269.97	276	8281	22352906.0	269.93	656	25034	67586685.0	269.98
377	SBER	2023-12-06 15:30:00	269.93	270.9	269.81	270.87	0.3482	785	79824	215638599.0	0.0	0.69	270.14	506	67555	182487196.0	270.13	279	12269	33151403.0	270.2
378	SBER	2023-12-06 15:35:00	270.81	271.75	270.81	271.48	0.2474	1109	64896	176097556.0	0.0001	0.46	271.35	766	47224	128130129.0	271.32	343	17672	47967427.0	271.43
379	SBER	2023-12-06 15:40:00	271.48	271.6	271.4	271.6	0.0442	417	14073	38205089.0	0.0	0.09	271.48	271	7645	20755932.0	271.5	146	6428	17449157.0	271.46
380	SBER	2023-12-06 15:45:00	271.61	271.8	271.37	271.37	-0.0884	544	28269	76790233.0	0.0	-0.14	271.64	284	12107	32890247.0	271.66	260	16162	43899986.0	271.62
381	SBER	2023-12-06 15:50:00	271.38	271.38	270.72	271.32	-0.0221	523	15744	42672715.0	0.0	-0.45	271.04	162	4330	11735905.0	271.04	361	11414	30936809.0	271.04
382	SBER	2023-12-06 15:55:00	271.32	271.34	270.89	271.0	-0.1179	380	18257	49481262.0	0.0	-0.07	271.03	190	8451	22901863.0	271.0	190	9806	26579398.0	271.05
383	SBER	2023-12-06 16:00:00	271.0	271.0	270.76	270.85	-0.0554	476	19290	52249288.0	0.0	0.03	270.86	215	9915	26855948.0	270.86	261	9375	25393340.0	270.86
384	SBER	2023-12-06 16:05:00	270.85	271.28	270.84	270.97	0.0443	421	13398	36323294.0	0.0	0.31	271.11	266	8750	23722275.0	271.11	155	4648	12601019.0	271.11
385	SBER	2023-12-06 16:10:00	270.96	271.01	270.92	270.92	-0.0148	284	11062	29975166.0	0.0	0.09	270.97	174	6053	16402424.0	270.98	110	5009	13572741.0	270.97
386	SBER	2023-12-06 16:15:00	270.93	271.15	270.85	270.85	-0.0295	542	24248	65712223.0	0.0	-0.19	271.0	269	9855	26706652.0	271.0	273	14393	39005571.0	271.0
387	SBER	2023-12-06 16:20:00	270.84	270.85	270.44	270.45	-0.144	695	27088	73308944.0	0.0	-0.68	270.63	192	4337	11736244.0	270.61	503	22751	61572699.0	270.64
388	SBER	2023-12-06 16:25:00	270.45	270.45	270.1	270.2	-0.0924	548	23375	63160121.0	0.0	-0.43	270.2	209	6678	18045033.0	270.22	339	16697	45115088.0	270.2
389	SBER	2023-12-06 16:30:00	270.2	270.7	270.19	270.7	0.185	496	23760	64261029.0	0.0	0.41	270.46	341	16725	45236409.0	270.47	155	7035	19024619.0	270.43
390	SBER	2023-12-06 16:35:00	270.7	271.0	270.5	270.51	-0.0702	559	23407	63393256.0	0.0	0.1	270.83	302	12869	34861048.0	270.89	257	10538	28532208.0	270.76
391	SBER	2023-12-06 16:40:00	270.51	270.98	270.1	270.31	-0.0739	698	38600	104394091.0	0.0001	0.23	270.45	311	23793	64360504.0	270.5	387	14807	40033587.0	270.37
392	SBER	2023-12-06 16:45:00	270.32	270.32	270.05	270.13	-0.0703	603	29200	78890981.0	0.0	-0.3	270.17	224	10184	27516869.0	270.2	379	19016	51374112.0	270.16
393	SBER	2023-12-06 16:50:00	270.13	270.43	269.69	269.77	-0.1333	2028	95969	259097663.0	0.0	-0.74	269.98	343	12413	33533296.0	270.15	1685	83556	225564367.0	269.96
394	SBER	2023-12-06 16:55:00	269.77	270.53	269.76	270.41	0.2372	682	26842	72514378.0	0.0	0.3	270.15	432	17482	47234258.0	270.19	250	9360	25280119.0	270.09
395	SBER	2023-12-06 17:00:00	270.41	270.43	269.85	269.87	-0.1997	650	35644	96245867.0	0.0	-0.66	270.02	260	6018	16250691.0	270.03	390	29626	79995176.0	270.02
396	SBER	2023-12-06 17:05:00	269.88	269.88	268.89	269.79	-0.0333	4228	185707	500080897.0	0.0	-0.55	269.28	1039	42062	113306311.0	269.38	3189	143645	386774586.0	269.26
397	SBER	2023-12-06 17:10:00	269.79	270.88	269.79	269.85	0.0222	1134	72853	196972019.0	0.0001	0.13	270.37	648	41053	111028513.0	270.45	486	31800	85943506.0	270.26
398	SBER	2023-12-06 17:15:00	269.88	270.16	269.71	270.14	0.0963	659	35878	96820282.0	0.0001	0.07	269.86	330	19156	51700959.0	269.89	329	16722	45119322.0	269.82
399	SBER	2023-12-06 17:20:00	270.17	270.36	269.99	270.03	-0.0518	546	19744	53348161.0	0.0001	0.0	270.2	239	9849	26614985.0	270.23	307	9895	26733175.0	270.17
400	SBER	2023-12-06 17:25:00	270.04	270.33	269.97	270.28	0.0889	493	18846	50908233.0	0.0001	-0.02	270.13	264	9198	24848529.0	270.15	229	9648	26059704.0	270.1
401	SBER	2023-12-06 17:30:00	270.26	270.49	270.23	270.49	0.0851	491	22113	59800630.0	0.0001	0.3	270.43	284	14356	38825469.0	270.45	207	7757	20975161.0	270.4
402	SBER	2023-12-06 17:35:00	270.45	270.68	270.11	270.21	-0.0887	579	22898	61930653.0	0.0001	-0.07	270.46	325	10653	28816053.0	270.5	254	12245	33114599.0	270.43
403	SBER	2023-12-06 17:40:00	270.19	270.6	270.0	270.55	0.1332	648	38713	104608051.0	0.0001	-0.14	270.21	336	16735	45236626.0	270.31	312	21978	59371425.0	270.14
404	SBER	2023-12-06 17:45:00	270.54	270.55	270.21	270.27	-0.0998	400	18828	50904174.0	0.0001	-0.23	270.36	184	7203	19474232.0	270.36	216	11625	31429942.0	270.37
405	SBER	2023-12-06 17:50:00	270.27	270.3	269.8	270.04	-0.0851	608	34196	92345773.0	0.0	-0.59	270.05	184	6953	18778616.0	270.08	424	27243	73567157.0	270.04
406	SBER	2023-12-06 17:55:00	270.05	270.2	270.03	270.12	0.0259	255	8613	23264938.0	0.0001	0.14	270.11	133	4907	13254683.0	270.12	122	3706	10010255.0	270.11
407	SBER	2023-12-06 18:00:00	270.12	270.26	269.9	270.17	0.0185	710	23253	62797064.0	0.0	0.14	270.06	383	13251	35785035.0	270.06	327	10002	27012029.0	270.07
408	SBER	2023-12-06 18:05:00	270.16	270.53	270.1	270.37	0.0777	737	31152	84218730.0	0.0001	0.26	270.35	508	19669	53184308.0	270.4	229	11483	31034421.0	270.26
409	SBER	2023-12-06 18:10:00	270.37	270.42	270.05	270.12	-0.0925	466	12724	34378264.0	0.0001	-0.16	270.18	245	5342	14434431.0	270.21	221	7382	19943833.0	270.17
410	SBER	2023-12-06 18:15:00	270.12	270.17	270.0	270.0	-0.0444	433	14142	38189612.0	0.0001	-0.39	270.04	157	4286	11574864.0	270.06	276	9856	26614748.0	270.04
411	SBER	2023-12-06 18:20:00	270.01	270.01	269.31	269.53	-0.1778	1212	57811	155842536.0	0.0001	-0.42	269.57	319	16629	44817363.0	269.51	893	41182	111025172.0	269.6
412	SBER	2023-12-06 18:25:00	269.54	269.54	268.73	269.08	-0.1707	2077	90224	242716204.0	0.0	-0.44	269.02	650	25101	67521621.0	269.0	1427	65123	175194583.0	269.02
413	SBER	2023-12-06 18:30:00	269.06	269.27	268.87	268.87	-0.0706	823	30650	82472730.0	0.0001	-0.21	269.08	334	12149	32695390.0	269.12	489	18501	49777340.0	269.05
414	SBER	2023-12-06 18:35:00	268.89	269.0	268.66	268.9	0.0037	1273	66038	177504858.0	0.0001	-0.45	268.79	502	18001	48388641.0	268.81	771	48037	129116216.0	268.78
415	SBER	2023-12-06 18:40:00	268.9	269.24	268.7	269.02	0.0446	1080	54183	145767018.0	0.0001	0.08	269.03	560	29143	78411416.0	269.06	520	25040	67355602.0	268.99
416	SBER	2023-12-07 10:05:00	267.74	269.29	267.52	269.17	0.5341	3154	190324	510356033.0	0.0002	-0.07	268.15	1578	88555	237447855.0	268.14	1576	101769	272908177.0	268.16
417	SBER	2023-12-07 10:10:00	269.13	269.39	268.23	268.44	-0.2564	2992	162205	436007133.0	0.0001	0.03	268.8	1530	83530	224509602.0	268.78	1462	78675	211497530.0	268.82
418	SBER	2023-12-07 10:15:00	268.38	270.0	268.36	269.97	0.5924	2527	146436	394437145.0	0.0001	-0.02	269.36	1264	71535	192652623.0	269.31	1263	74901	201784521.0	269.4
419	SBER	2023-12-07 10:20:00	269.99	270.19	269.52	269.76	-0.0852	2984	185996	502028961.0	0.0001	-0.19	269.91	1408	75548	203902180.0	269.9	1576	110448	298126781.0	269.93
420	SBER	2023-12-07 10:25:00	269.77	270.37	269.76	270.18	0.152	1991	81791	220942104.0	0.0001	-0.01	270.13	965	40401	109140512.0	270.14	1026	41390	111801592.0	270.12
421	SBER	2023-12-07 10:30:00	270.15	270.15	269.2	269.39	-0.2813	1654	89839	242291085.0	0.0001	0.16	269.69	839	52274	140973100.0	269.68	815	37565	101317984.0	269.71
422	SBER	2023-12-07 10:35:00	269.4	270.12	269.4	270.12	0.2673	1317	46077	124288093.0	0.0	-0.05	269.74	596	21836	58903729.0	269.76	721	24241	65384363.0	269.73
423	SBER	2023-12-07 10:40:00	270.12	270.44	269.83	270.12	0.0	1790	96149	259883191.0	0.0001	0.16	270.29	911	55814	150872656.0	270.31	879	40335	109010535.0	270.26
424	SBER	2023-12-07 10:45:00	270.12	270.15	269.56	269.64	-0.1777	964	54841	148011232.0	0.0001	0.0	269.89	463	27493	74197590.0	269.88	501	27348	73813641.0	269.91
425	SBER	2023-12-07 10:50:00	269.64	270.15	269.62	269.62	-0.0074	1803	29927	80778960.0	0.0	0.01	269.92	874	15104	40766349.0	269.9	929	14823	40012610.0	269.94
426	SBER	2023-12-07 10:55:00	269.65	269.65	268.67	268.7	-0.3523	2696	100091	269407149.0	0.0001	0.05	269.16	1410	52441	141160648.0	269.18	1286	47650	128246501.0	269.14
427	SBER	2023-12-07 11:00:00	268.73	269.0	268.38	268.84	0.0409	1237	79138	212680605.0	0.0001	0.01	268.75	631	39849	107104655.0	268.78	606	39289	105575950.0	268.72
428	SBER	2023-12-07 11:05:00	268.85	268.85	267.75	267.8	-0.3906	1897	86960	233157389.0	0.0001	0.06	268.12	1034	45877	123018244.0	268.15	863	41083	110139144.0	268.09
429	SBER	2023-12-07 11:10:00	267.8	268.9	267.63	268.61	0.3025	1944	99091	265659686.0	0.0001	-0.17	268.1	907	41025	109982983.0	268.09	1037	58066	155676703.0	268.1
430	SBER	2023-12-07 11:15:00	268.61	268.88	268.11	268.18	-0.1601	820	22377	60074929.0	0.0001	0.08	268.47	393	12123	32546251.0	268.47	427	10254	27528678.0	268.47
431	SBER	2023-12-07 11:20:00	268.18	268.19	267.4	267.78	-0.1492	1323	70394	188407828.0	0.0001	0.24	267.65	651	43536	116511299.0	267.62	672	26858	71896528.0	267.69
432	SBER	2023-12-07 11:25:00	267.78	268.48	267.78	267.93	0.056	956	40717	109156063.0	0.0001	-0.19	268.08	451	16574	44429416.0	268.07	505	24143	64726646.0	268.1
433	SBER	2023-12-07 11:30:00	267.93	267.93	265.6	266.0	-0.7203	4284	214955	572752062.0	0.0001	0.04	266.45	2213	112122	298725572.0	266.43	2071	102833	274026490.0	266.48
434	SBER	2023-12-07 11:35:00	265.92	266.78	265.89	266.25	0.1241	1781	89047	237281692.0	0.0001	0.14	266.47	906	50907	135655253.0	266.48	875	38140	101626439.0	266.46
435	SBER	2023-12-07 11:40:00	266.26	266.26	265.14	265.6	-0.2479	2877	173780	461545381.0	0.0001	0.08	265.59	1474	93525	248393465.0	265.59	1403	80255	213151916.0	265.59
436	SBER	2023-12-07 11:45:00	265.6	265.67	264.3	264.49	-0.4179	6034	282501	748587894.0	0.0001	0.12	264.99	3157	158766	420706202.0	264.99	2877	123735	327881692.0	264.99
437	SBER	2023-12-07 11:50:00	264.49	264.88	263.06	264.2	-0.1096	5318	319391	842566824.0	0.0001	-0.13	263.8	2676	138727	365983042.0	263.82	2642	180664	476583781.0	263.8
438	SBER	2023-12-07 11:55:00	264.21	265.35	264.2	265.09	0.3331	2673	159310	422007235.0	0.0001	-0.01	264.9	1330	78766	208653337.0	264.9	1343	80544	213353897.0	264.89
439	SBER	2023-12-07 12:00:00	265.08	265.64	264.85	265.21	0.049	2067	143830	381572789.0	0.0001	-0.01	265.29	1054	71098	188628677.0	265.31	1013	72732	192944111.0	265.28
440	SBER	2023-12-07 12:05:00	265.2	265.2	264.7	264.99	-0.0792	1542	123517	327236071.0	0.0001	0.0	264.93	755	62052	164396365.0	264.93	787	61465	162839706.0	264.93
441	SBER	2023-12-07 12:10:00	264.99	265.88	264.98	265.78	0.2981	1418	105049	278916792.0	0.0001	-0.01	265.51	680	52086	138299744.0	265.52	738	52963	140617048.0	265.5
442	SBER	2023-12-07 12:15:00	265.78	265.86	265.48	265.86	0.0301	947	46105	122474118.0	0.0001	0.06	265.64	484	24540	65186886.0	265.64	463	21565	57287231.0	265.65
443	SBER	2023-12-07 12:20:00	265.86	266.02	265.64	266.02	0.0602	987	60565	161032665.0	0.0	-0.3	265.88	500	21271	56557749.0	265.89	487	39294	104474916.0	265.88
444	SBER	2023-12-07 12:25:00	266.02	266.24	265.85	265.85	-0.0639	1094	52132	138737010.0	0.0	0.09	266.13	552	28347	75440152.0	266.13	542	23785	63296857.0	266.12
445	SBER	2023-12-07 12:30:00	265.84	265.85	265.1	265.57	-0.1016	989	31723	84223093.0	0.0001	0.12	265.5	505	17822	47317700.0	265.5	484	13901	36905393.0	265.49
446	SBER	2023-12-07 12:35:00	265.56	265.61	264.96	265.06	-0.1883	1176	43773	116061159.0	0.0001	0.14	265.14	578	25017	66329805.0	265.14	598	18756	49731354.0	265.15
447	SBER	2023-12-07 12:40:00	265.06	265.46	264.98	265.18	0.0453	876	28002	74262139.0	0.0001	-0.15	265.2	432	11959	31716737.0	265.21	444	16043	42545402.0	265.2
448	SBER	2023-12-07 12:45:00	265.18	265.27	265.0	265.02	-0.0603	630	31634	83841905.0	0.0001	-0.06	265.04	316	14796	39214813.0	265.04	314	16838	44627091.0	265.04
449	SBER	2023-12-07 12:50:00	265.05	265.09	265.0	265.01	-0.0151	691	12684	33615162.0	0.0	0.33	265.02	351	8422	22319918.0	265.02	340	4262	11295244.0	265.02
450	SBER	2023-12-07 12:55:00	265.01	265.75	265.0	265.4	0.1472	1162	41557	110286086.0	0.0001	0.11	265.39	604	23026	61111329.0	265.4	558	18531	49174756.0	265.36
451	SBER	2023-12-07 13:00:00	265.41	265.94	265.3	265.81	0.1507	708	23458	62319970.0	0.0001	-0.04	265.67	345	11247	29880644.0	265.68	363	12211	32439325.0	265.66
452	SBER	2023-12-07 13:05:00	265.8	266.58	265.6	265.8	0.0	1533	93045	247642670.0	0.0001	-0.28	266.15	692	33700	89706280.0	266.19	841	59345	157936390.0	266.13
453	SBER	2023-12-07 13:10:00	265.81	266.26	265.67	266.02	0.079	880	26484	70451103.0	0.0001	-0.07	266.01	434	12276	32653506.0	265.99	446	14208	37797597.0	266.03
454	SBER	2023-12-07 13:15:00	266.01	266.67	266.0	266.1	0.0338	1171	87026	231703797.0	0.0001	-0.26	266.25	589	31998	85194623.0	266.25	582	55028	146509174.0	266.24
455	SBER	2023-12-07 13:20:00	266.09	266.1	264.58	264.69	-0.5261	2474	136493	362063007.0	0.0004	0.13	265.26	1355	77292	204997046.0	265.22	1119	59201	157065960.0	265.31
456	SBER	2023-12-07 13:25:00	264.68	265.4	264.52	265.35	0.2531	1118	39603	104919252.0	0.0001	0.18	264.93	572	23322	61775049.0	264.88	546	16281	43144202.0	265.0
457	SBER	2023-12-07 13:30:00	265.31	265.42	265.05	265.28	-0.0113	727	17882	47431926.0	0.0001	-0.01	265.25	378	8824	23405016.0	265.24	349	9058	24026910.0	265.26
458	SBER	2023-12-07 13:35:00	265.25	265.62	265.17	265.57	0.1206	631	19759	52443677.0	0.0001	0.04	265.42	277	10237	27172499.0	265.43	354	9522	25271177.0	265.4
459	SBER	2023-12-07 13:40:00	265.56	265.78	265.31	265.46	-0.0377	748	18552	49269015.0	0.0001	-0.12	265.57	357	8161	21672375.0	265.56	391	10391	27596640.0	265.58
460	SBER	2023-12-07 13:45:00	265.46	266.1	265.45	266.04	0.2185	839	30408	80853605.0	0.0001	0.05	265.9	445	15955	42420263.0	265.87	394	14453	38433342.0	265.92
461	SBER	2023-12-07 13:50:00	266.04	266.1	265.47	265.82	-0.0827	984	24033	63869042.0	0.0001	-0.04	265.76	472	11591	30803960.0	265.76	512	12442	33065081.0	265.75
462	SBER	2023-12-07 13:55:00	265.75	266.07	265.75	266.03	0.1054	771	17865	47506720.0	0.0001	0.17	265.92	400	10480	27867461.0	265.91	371	7385	19639258.0	265.93
463	SBER	2023-12-07 14:00:00	266.02	266.1	265.91	266.04	0.0075	763	17644	46942476.0	0.0001	0.04	266.05	362	9173	24405029.0	266.05	401	8471	22537446.0	266.05
464	SBER	2023-12-07 14:05:00	266.0	266.08	265.72	265.94	-0.0226	553	8560	22761806.0	0.0001	0.06	265.91	283	4552	12104332.0	265.91	270	4008	10657474.0	265.91
465	SBER	2023-12-07 14:10:00	265.89	266.1	265.71	265.73	-0.0602	847	16944	45056049.0	0.0	-0.05	265.91	464	8058	21427852.0	265.92	383	8886	23628196.0	265.9
466	SBER	2023-12-07 14:15:00	265.72	265.86	265.39	265.4	-0.1204	774	24792	65841569.0	0.0001	-0.16	265.58	403	10466	27795995.0	265.58	371	14326	38045573.0	265.57
467	SBER	2023-12-07 14:20:00	265.39	265.42	265.06	265.06	-0.1243	619	11712	31062871.0	0.0	-0.04	265.22	302	5624	14915904.0	265.22	317	6088	16146967.0	265.23
468	SBER	2023-12-07 14:25:00	265.07	265.2	265.04	265.15	0.0302	407	18432	48871842.0	0.0001	0.11	265.15	205	10199	27042113.0	265.14	202	8233	21829729.0	265.15
469	SBER	2023-12-07 14:30:00	265.15	265.33	265.01	265.17	0.0075	500	18674	49515132.0	0.0001	-0.06	265.16	289	8761	23229500.0	265.15	211	9913	26285632.0	265.16
470	SBER	2023-12-07 14:35:00	265.18	265.18	264.64	264.67	-0.1923	1211	42409	112349524.0	0.0001	-0.08	264.92	538	19419	51438950.0	264.89	673	22990	60910573.0	264.94
471	SBER	2023-12-07 14:40:00	264.67	264.7	264.5	264.51	-0.0605	807	28635	75772287.0	0.0001	0.08	264.61	375	15439	40855024.0	264.62	432	13196	34917263.0	264.6
472	SBER	2023-12-07 14:45:00	264.52	264.56	264.0	264.41	-0.0416	1700	69349	183250069.0	0.0001	0.06	264.24	900	36798	97232230.0	264.23	800	32551	86017838.0	264.26
473	SBER	2023-12-07 14:50:00	264.43	264.49	263.74	263.92	-0.1929	1588	53221	140552698.0	0.0001	0.18	264.09	894	31288	82624611.0	264.08	694	21933	57928086.0	264.11
474	SBER	2023-12-07 14:55:00	263.82	264.0	263.65	263.71	-0.0417	947	45545	120167940.0	0.0001	0.03	263.84	463	23544	62118907.0	263.84	484	22001	58049033.0	263.85
475	SBER	2023-12-07 15:00:00	263.72	263.95	263.31	263.49	-0.0872	1567	111306	293402829.0	0.0001	0.12	263.6	803	62474	164675511.0	263.59	764	48832	128727318.0	263.61
476	SBER	2023-12-07 15:05:00	263.49	264.23	263.46	264.05	0.2125	1013	65635	173091212.0	0.0001	-0.27	263.72	471	23927	63106978.0	263.75	542	41708	109984234.0	263.7
477	SBER	2023-12-07 15:10:00	264.02	264.46	263.8	264.4	0.1439	755	43324	114457753.0	0.0001	-0.13	264.19	351	18821	49719430.0	264.17	404	24503	64738322.0	264.21
478	SBER	2023-12-07 15:15:00	264.4	264.45	264.21	264.45	0.0189	668	29102	76929364.0	0.0001	-0.07	264.34	340	13490	35661205.0	264.35	328	15612	41268159.0	264.34
479	SBER	2023-12-07 15:20:00	264.45	264.46	263.85	264.31	-0.0529	821	32809	86648303.0	0.0001	0.07	264.1	412	17585	46443463.0	264.11	409	15224	40204839.0	264.09
480	SBER	2023-12-07 15:25:00	264.3	264.95	264.28	264.81	0.193	863	134459	355683323.0	0.0001	-0.36	264.53	452	43162	114186678.0	264.55	411	91297	241496645.0	264.52
481	SBER	2023-12-07 15:30:00	264.81	265.25	264.74	265.03	0.0831	635	31262	82832870.0	0.0001	-0.16	264.96	297	13123	34770434.0	264.96	338	18139	48062436.0	264.97
482	SBER	2023-12-07 15:35:00	265.01	265.05	264.72	265.01	0.0	396	14204	37623107.0	0.0001	0.22	264.88	208	8655	22925093.0	264.88	188	5549	14698013.0	264.88
483	SBER	2023-12-07 15:40:00	265.01	265.01	264.6	264.75	-0.0981	486	32880	87070152.0	0.0001	-0.06	264.81	249	15479	40990071.0	264.81	237	17401	46080080.0	264.81
484	SBER	2023-12-07 15:45:00	264.74	264.75	264.29	264.32	-0.1586	521	17108	45274498.0	0.0001	-0.01	264.64	244	8458	22384278.0	264.65	277	8650	22890220.0	264.63
485	SBER	2023-12-07 15:50:00	264.33	264.76	264.29	264.76	0.1627	244	7260	19203867.0	0.0001	0.02	264.52	118	3700	9788295.0	264.55	126	3560	9415571.0	264.48
486	SBER	2023-12-07 15:55:00	264.75	264.76	264.49	264.55	-0.0755	224	7811	20671501.0	0.0	0.06	264.65	110	4126	10919352.0	264.65	114	3685	9752148.0	264.64
487	SBER	2023-12-07 16:00:00	264.55	265.33	264.55	264.91	0.1361	881	43240	114622105.0	0.0001	0.14	265.08	439	24580	65142187.0	265.02	442	18660	49479918.0	265.17
488	SBER	2023-12-07 16:05:00	264.87	265.83	264.85	265.64	0.2907	932	48456	128651440.0	0.0001	0.01	265.5	454	24409	64810106.0	265.52	478	24047	63841333.0	265.49
489	SBER	2023-12-07 16:10:00	265.64	265.84	265.24	265.38	-0.0979	530	23433	62245461.0	0.0001	-0.11	265.63	264	10399	27622587.0	265.63	266	13034	34622873.0	265.64
490	SBER	2023-12-07 16:15:00	265.37	266.0	265.28	265.88	0.1922	678	34903	92772036.0	0.0001	0.02	265.8	380	17719	47095221.0	265.79	298	17184	45676814.0	265.81
491	SBER	2023-12-07 16:20:00	265.88	266.6	265.78	266.53	0.2445	1124	68051	181129231.0	0.0001	-0.02	266.17	585	33275	88576636.0	266.2	539	34776	92552595.0	266.14
492	SBER	2023-12-07 16:25:00	266.54	266.99	265.88	265.97	-0.2139	1462	91031	242729804.0	0.0001	0.06	266.65	724	48371	128986006.0	266.66	738	42660	113743797.0	266.63
493	SBER	2023-12-07 16:30:00	265.98	266.5	265.95	266.31	0.1241	779	42465	113082842.0	0.0001	-0.04	266.3	379	20281	54007690.0	266.3	400	22184	59075151.0	266.3
494	SBER	2023-12-07 16:35:00	266.31	266.47	265.77	265.78	-0.199	942	42717	113706640.0	0.0001	0.09	266.19	458	23326	62089914.0	266.18	484	19391	51616725.0	266.19
495	SBER	2023-12-07 16:40:00	265.78	265.8	265.09	265.7	-0.0301	849	36479	96868369.0	0.0001	-0.15	265.55	393	15587	41392574.0	265.56	456	20892	55475795.0	265.54
496	SBER	2023-12-07 16:45:00	265.7	265.71	265.0	265.25	-0.1694	756	44485	118039323.0	0.0002	0.18	265.35	439	26323	69835977.0	265.3	317	18162	48203345.0	265.41
497	SBER	2023-12-07 16:50:00	265.25	265.62	265.21	265.25	0.0	519	14907	39573056.0	0.0	0.03	265.47	282	7683	20396179.0	265.47	237	7224	19176876.0	265.46
498	SBER	2023-12-07 16:55:00	265.25	265.28	265.05	265.19	-0.0226	555	16088	42666039.0	0.0001	0.14	265.2	275	9162	24298274.0	265.21	280	6926	18367765.0	265.2
499	SBER	2023-12-07 17:00:00	265.19	265.2	264.72	264.99	-0.0754	706	25323	67108996.0	0.0001	-0.05	265.01	336	12041	31908991.0	265.0	370	13282	35200004.0	265.02
500	SBER	2023-12-07 17:05:00	264.99	265.39	264.98	265.37	0.1434	483	19609	51985840.0	0.0001	0.0	265.11	253	9847	26104958.0	265.11	230	9762	25880882.0	265.12
501	SBER	2023-12-07 17:10:00	265.35	265.35	265.03	265.04	-0.1168	359	18732	49676932.0	0.0001	-0.24	265.2	162	7083	18784230.0	265.2	197	11649	30892702.0	265.2
502	SBER	2023-12-07 17:15:00	265.03	265.56	265.01	265.35	0.1207	546	17446	46292103.0	0.0001	0.06	265.35	284	9231	24496462.0	265.37	262	8215	21795641.0	265.32
503	SBER	2023-12-07 17:20:00	265.35	266.17	265.34	266.01	0.2487	569	24629	65461231.0	0.0001	0.07	265.79	300	13127	34890294.0	265.79	269	11502	30570936.0	265.79
504	SBER	2023-12-07 17:25:00	266.0	266.5	266.0	266.1	0.0376	679	41972	111737553.0	0.0001	-0.25	266.22	348	15692	41772864.0	266.2	331	26280	69964688.0	266.23
505	SBER	2023-12-07 17:30:00	266.09	266.2	265.64	265.93	-0.0601	617	25139	66854487.0	0.0001	-0.1	265.94	311	11374	30249063.0	265.95	306	13765	36605423.0	265.93
506	SBER	2023-12-07 17:35:00	265.93	266.11	265.92	266.09	0.0602	435	14026	37312481.0	0.0001	0.05	266.02	209	7393	19667971.0	266.04	226	6633	17644509.0	266.01
507	SBER	2023-12-07 17:40:00	266.1	266.1	265.66	265.67	-0.1616	562	15226	40480781.0	0.0001	0.04	265.87	294	7893	20984237.0	265.86	268	7333	19496543.0	265.87
508	SBER	2023-12-07 17:45:00	265.68	265.99	265.5	265.78	0.0376	440	14617	38836959.0	0.0001	-0.17	265.7	227	6055	16088395.0	265.7	213	8562	22748564.0	265.69
509	SBER	2023-12-07 17:50:00	265.78	265.83	265.6	265.61	-0.064	237	4723	12549802.0	0.0001	-0.13	265.72	117	2065	5486701.0	265.7	120	2658	7063101.0	265.73
510	SBER	2023-12-07 17:55:00	265.61	265.64	265.5	265.58	-0.0113	291	8448	22434946.0	0.0001	0.05	265.57	152	4431	11767238.0	265.57	139	4017	10667708.0	265.56
511	SBER	2023-12-07 18:00:00	265.58	266.27	265.58	266.25	0.2523	416	14945	39737505.0	0.0001	0.19	265.89	225	8868	23581623.0	265.92	191	6077	16155882.0	265.85
512	SBER	2023-12-07 18:05:00	266.25	266.92	266.25	266.76	0.1915	1306	79602	212255985.0	0.0001	0.11	266.65	671	44069	117504146.0	266.64	635	35533	94751838.0	266.66
513	SBER	2023-12-07 18:10:00	266.76	266.85	266.49	266.63	-0.0487	668	30216	80580661.0	0.0001	0.04	266.68	339	15703	41875989.0	266.68	329	14513	38704672.0	266.69
514	SBER	2023-12-07 18:15:00	266.64	266.76	266.62	266.76	0.045	415	17855	47622064.0	0.0001	-0.18	266.72	195	7309	19494800.0	266.72	220	10546	28127263.0	266.71
515	SBER	2023-12-07 18:20:00	266.76	266.9	266.42	266.52	-0.09	636	43650	116406481.0	0.0001	-0.27	266.68	330	15944	42516541.0	266.66	306	27706	73889939.0	266.69
516	SBER	2023-12-07 18:25:00	266.5	266.79	266.36	266.39	-0.0413	507	25180	67137914.0	0.0001	-0.02	266.63	236	12288	32764798.0	266.64	271	12892	34373116.0	266.62
517	SBER	2023-12-07 18:30:00	266.36	266.48	266.21	266.41	0.0188	353	18767	49982777.0	0.0001	0.09	266.33	163	10252	27304465.0	266.33	190	8515	22678311.0	266.33
518	SBER	2023-12-07 18:35:00	266.47	266.69	266.38	266.38	-0.0338	360	18798	50105080.0	0.0001	0.07	266.54	178	10028	26729024.0	266.54	182	8770	23376056.0	266.55
519	SBER	2023-12-07 18:40:00	266.39	266.68	266.22	266.24	-0.0563	388	24095	64210546.0	0.0002	0.02	266.49	185	12312	32809800.0	266.49	203	11783	31400745.0	266.49
520	SBER	2023-12-08 10:05:00	266.01	266.07	265.5	265.93	-0.0301	1407	69124	183744213.0	0.0001	-0.13	265.82	658	30173	80214760.0	265.85	749	38951	103529453.0	265.79
521	SBER	2023-12-08 10:10:00	265.94	266.93	265.81	266.81	0.3271	2107	109713	292373471.0	0.0001	0.03	266.49	1025	56470	150493264.0	266.5	1082	53243	141880207.0	266.48
522	SBER	2023-12-08 10:15:00	266.82	267.0	266.3	267.0	0.0675	1821	102222	272618779.0	0.0	-0.02	266.69	909	49875	133002949.0	266.67	912	52347	139615829.0	266.71
523	SBER	2023-12-08 10:20:00	267.0	267.46	266.55	266.93	-0.0262	2174	122938	328330549.0	0.0001	0.07	267.07	1088	65798	175732873.0	267.08	1086	57140	152597675.0	267.06
524	SBER	2023-12-08 10:25:00	266.94	267.05	266.3	266.39	-0.206	1178	46858	124975200.0	0.0001	-0.07	266.71	588	21690	57850818.0	266.72	590	25168	67124381.0	266.71
525	SBER	2023-12-08 10:30:00	266.4	266.93	266.38	266.66	0.0976	938	30707	81889386.0	0.0	0.1	266.68	472	16948	45201642.0	266.71	466	13759	36687743.0	266.65
526	SBER	2023-12-08 10:35:00	266.66	267.3	266.58	267.29	0.2363	904	52155	139250782.0	0.0001	0.05	266.99	445	27360	73053881.0	267.01	459	24795	66196900.0	266.98
527	SBER	2023-12-08 10:40:00	267.29	267.42	266.93	267.0	-0.1085	1279	67390	180089145.0	0.0	0.15	267.23	640	38678	103354709.0	267.22	639	28712	76734436.0	267.26
528	SBER	2023-12-08 10:45:00	266.98	267.4	266.7	266.76	-0.0824	913	32331	86353088.0	0.0001	0.03	267.09	458	16696	44592296.0	267.08	455	15635	41760791.0	267.1
529	SBER	2023-12-08 10:50:00	266.77	267.21	266.61	267.09	0.12	751	26368	70390895.0	0.0001	-0.02	266.96	354	12954	34581076.0	266.95	397	13414	35809819.0	266.96
530	SBER	2023-12-08 10:55:00	267.1	267.2	266.87	266.99	-0.0412	1920	40447	108022217.0	0.0	-0.01	267.07	864	20002	53420517.0	267.08	1056	20445	54601699.0	267.07
531	SBER	2023-12-08 11:00:00	266.99	267.2	266.38	266.55	-0.1648	2680	43351	115616591.0	0.0001	0.26	266.7	1292	27276	72738949.0	266.68	1388	16075	42877642.0	266.73
532	SBER	2023-12-08 11:05:00	266.55	267.88	266.48	267.6	0.3939	2082	83132	222308527.0	0.0	0.0	267.42	1009	41612	111268785.0	267.4	1073	41520	111039742.0	267.44
533	SBER	2023-12-08 11:10:00	267.6	267.75	267.15	267.75	0.0561	1847	41109	109973174.0	0.0001	-0.05	267.52	831	19461	52063802.0	267.53	1016	21648	57909371.0	267.5
534	SBER	2023-12-08 11:15:00	267.75	267.75	267.17	267.23	-0.1942	691	26651	71309123.0	0.0001	0.01	267.57	338	13459	36019734.0	267.63	353	13192	35289388.0	267.51
535	SBER	2023-12-08 11:20:00	267.25	267.72	267.17	267.66	0.1534	764	29104	77852721.0	0.0001	0.14	267.5	381	16555	44286124.0	267.51	383	12549	33566597.0	267.48
536	SBER	2023-12-08 11:25:00	267.66	267.69	267.42	267.59	-0.0262	610	14523	38853555.0	0.0	0.11	267.53	297	8029	21480270.0	267.53	313	6494	17373284.0	267.53
537	SBER	2023-12-08 11:30:00	267.6	267.67	267.28	267.51	-0.0336	610	18111	48442105.0	0.0001	-0.03	267.47	287	8777	23475712.0	267.47	323	9334	24966393.0	267.48
538	SBER	2023-12-08 11:35:00	267.5	268.0	267.5	267.71	0.0785	2213	64290	172210485.0	0.0	0.01	267.87	980	32469	86971979.0	267.86	1233	31821	85238505.0	267.87
539	SBER	2023-12-08 11:40:00	267.7	267.97	267.66	267.86	0.0598	889	41986	112454606.0	0.0001	-0.01	267.84	443	20701	55444511.0	267.83	446	21285	57010095.0	267.84
540	SBER	2023-12-08 11:45:00	267.83	268.23	267.77	268.16	0.1232	1264	80717	216371511.0	0.0001	-0.04	268.06	617	38606	103494626.0	268.08	647	42111	112876885.0	268.05
541	SBER	2023-12-08 11:50:00	268.16	268.23	267.87	267.92	-0.0895	753	27889	74772311.0	0.0001	-0.04	268.11	389	13331	35741654.0	268.11	364	14558	39030656.0	268.1
542	SBER	2023-12-08 11:55:00	267.92	268.0	267.79	267.79	-0.0485	669	15551	41659410.0	0.0	0.13	267.89	330	8809	23598186.0	267.89	339	6742	18061224.0	267.89
543	SBER	2023-12-08 12:00:00	267.79	267.8	267.65	267.65	-0.0523	693	29361	78589598.0	0.0	0.34	267.67	345	19681	52678854.0	267.66	348	9680	25910744.0	267.67
544	SBER	2023-12-08 12:05:00	267.65	267.66	267.52	267.52	-0.0486	559	13145	35172534.0	0.0	0.11	267.57	265	7300	19532978.0	267.58	294	5845	15639556.0	267.57
545	SBER	2023-12-08 12:10:00	267.53	267.54	266.86	267.16	-0.1383	1211	62937	168157731.0	0.0001	-0.16	267.18	594	26367	70425059.0	267.1	617	36570	97732672.0	267.25
546	SBER	2023-12-08 12:15:00	267.15	267.47	266.72	267.4	0.0936	646	22104	59045783.0	0.0001	-0.08	267.13	325	10122	27040035.0	267.14	321	11982	32005747.0	267.12
547	SBER	2023-12-08 12:20:00	267.4	267.45	267.1	267.44	0.015	588	24132	64497425.0	0.0001	-0.18	267.27	271	9876	26394417.0	267.26	317	14256	38103008.0	267.28
548	SBER	2023-12-08 12:25:00	267.44	267.45	267.1	267.1	-0.1271	539	6900	18437674.0	0.0001	0.03	267.21	285	3565	9525586.0	267.2	254	3335	8912088.0	267.23
549	SBER	2023-12-08 12:30:00	267.1	267.35	267.1	267.22	0.0449	439	7264	19410268.0	0.0001	-0.27	267.21	206	2663	7115910.0	267.21	233	4601	12294358.0	267.21
550	SBER	2023-12-08 12:35:00	267.21	267.29	267.2	267.25	0.015	489	9482	25337536.0	0.0	-0.07	267.22	244	4400	11757480.0	267.22	245	5082	13580056.0	267.22
551	SBER	2023-12-08 12:40:00	267.25	267.39	267.2	267.39	0.0524	462	6598	17632485.0	0.0	0.02	267.24	217	3350	8952540.0	267.24	245	3248	8679945.0	267.24
552	SBER	2023-12-08 12:45:00	267.35	267.43	267.17	267.41	0.0224	448	12768	34130892.0	0.0001	0.05	267.32	244	6688	17878215.0	267.32	204	6080	16252677.0	267.31
553	SBER	2023-12-08 12:50:00	267.39	267.79	267.38	267.54	0.0561	605	12145	32498534.0	0.0	0.13	267.59	295	6857	18348201.0	267.58	310	5288	14150333.0	267.59
554	SBER	2023-12-08 12:55:00	267.53	267.7	267.5	267.61	0.0299	557	11566	30948319.0	0.0001	0.21	267.58	287	6995	18716743.0	267.57	270	4571	12231575.0	267.59
555	SBER	2023-12-08 13:00:00	267.62	267.77	267.62	267.64	0.0075	474	15775	42225829.0	0.0	0.33	267.68	248	10504	28116487.0	267.67	226	5271	14109341.0	267.68
556	SBER	2023-12-08 13:05:00	267.64	267.78	267.64	267.72	0.0299	379	7370	19731834.0	0.0	0.28	267.73	184	4706	12599631.0	267.74	195	2664	7132202.0	267.73
557	SBER	2023-12-08 13:10:00	267.72	267.83	267.65	267.65	-0.0261	513	11546	30912987.0	0.0001	-0.02	267.74	256	5685	15220725.0	267.73	257	5861	15692261.0	267.74
558	SBER	2023-12-08 13:15:00	267.65	267.83	267.65	267.81	0.0598	420	11498	30784241.0	0.0001	-0.27	267.74	210	4193	11225463.0	267.72	210	7305	19558778.0	267.75
559	SBER	2023-12-08 13:20:00	267.81	267.83	267.5	267.5	-0.1158	695	19099	51120975.0	0.0	0.06	267.66	358	10140	27137562.0	267.63	337	8959	23983412.0	267.7
560	SBER	2023-12-08 13:25:00	267.5	267.51	266.97	267.15	-0.1308	1144	33914	90630760.0	0.0	0.17	267.24	596	19804	52925640.0	267.25	548	14110	37705120.0	267.22
561	SBER	2023-12-08 13:30:00	267.2	267.41	266.9	266.9	-0.1123	711	21315	56953247.0	0.0001	-0.07	267.2	335	9870	26371713.0	267.19	376	11445	30581534.0	267.2
562	SBER	2023-12-08 13:35:00	266.9	267.23	266.9	267.01	0.0412	664	12003	32053262.0	0.0001	-0.06	267.04	323	5628	15027771.0	267.02	341	6375	17025491.0	267.07
563	SBER	2023-12-08 13:40:00	267.02	267.25	266.91	266.91	-0.0412	721	11974	31973881.0	0.0001	0.01	267.03	353	6035	16115172.0	267.03	368	5939	15858709.0	267.03
564	SBER	2023-12-08 13:45:00	266.91	267.0	266.5	266.5	-0.1536	935	31689	84515883.0	0.0001	0.02	266.7	415	16108	42960559.0	266.7	520	15581	41555324.0	266.71
565	SBER	2023-12-08 13:50:00	266.5	266.53	266.14	266.51	0.0038	1095	36539	97306738.0	0.0	0.18	266.31	517	21469	57172808.0	266.3	578	15070	40133930.0	266.32
566	SBER	2023-12-08 13:55:00	266.51	266.75	266.38	266.56	0.0188	604	10175	27124625.0	0.0001	0.04	266.58	313	5286	14091346.0	266.58	291	4889	13033278.0	266.58
567	SBER	2023-12-08 14:00:00	266.58	266.78	266.53	266.74	0.06	336	8310	22161780.0	0.0001	-0.21	266.69	152	3280	8746937.0	266.67	184	5030	13414843.0	266.7
568	SBER	2023-12-08 14:05:00	266.74	266.74	266.3	266.31	-0.1612	502	12841	34211738.0	0.0001	-0.15	266.43	248	5436	14482238.0	266.41	254	7405	19729500.0	266.43
569	SBER	2023-12-08 14:10:00	266.3	266.32	265.85	265.98	-0.1202	1398	52796	140463724.0	0.0001	0.16	266.05	734	30629	81489544.0	266.05	664	22167	58974179.0	266.04
570	SBER	2023-12-08 14:15:00	266.03	266.26	265.58	266.23	0.0752	873	25090	66703502.0	0.0001	0.03	265.86	426	12948	34421448.0	265.84	447	12142	32282054.0	265.87
571	SBER	2023-12-08 14:20:00	266.24	266.26	265.95	266.11	-0.0488	589	19386	51584815.0	0.0001	-0.16	266.09	281	8141	21664097.0	266.11	308	11245	29920718.0	266.08
572	SBER	2023-12-08 14:25:00	266.11	266.45	266.1	266.32	0.0789	422	14354	38226164.0	0.0001	-0.07	266.31	198	6688	17810545.0	266.31	224	7666	20415618.0	266.31
573	SBER	2023-12-08 14:30:00	266.36	266.62	266.26	266.31	-0.0188	489	18804	50116694.0	0.0001	-0.19	266.52	247	7611	20286046.0	266.54	242	11193	29830647.0	266.51
574	SBER	2023-12-08 14:35:00	266.26	266.44	266.11	266.28	0.0075	382	10522	28014154.0	0.0001	0.15	266.24	192	6068	16155244.0	266.24	190	4454	11858909.0	266.25
575	SBER	2023-12-08 14:40:00	266.3	266.58	266.24	266.39	0.0338	395	8399	22378856.0	0.0001	-0.17	266.45	211	3469	9242862.0	266.44	184	4930	13135993.0	266.45
576	SBER	2023-12-08 14:45:00	266.33	266.39	266.05	266.27	-0.0225	373	8769	23346697.0	0.0001	0.16	266.24	198	5107	13597057.0	266.24	175	3662	9749640.0	266.24
577	SBER	2023-12-08 14:50:00	266.27	266.49	266.26	266.42	0.0563	346	6433	17136751.0	0.0001	0.0	266.39	169	3205	8537517.0	266.38	177	3228	8599233.0	266.4
578	SBER	2023-12-08 14:55:00	266.42	266.43	266.01	266.12	-0.1126	450	13405	35681865.0	0.0001	-0.08	266.18	224	6180	16449809.0	266.18	226	7225	19232056.0	266.19
579	SBER	2023-12-08 15:00:00	266.07	266.15	266.01	266.07	0.0	355	9449	25139913.0	0.0001	0.18	266.06	193	5572	14824858.0	266.06	162	3877	10315055.0	266.06
580	SBER	2023-12-08 15:05:00	266.06	266.2	265.71	265.93	-0.0489	607	18746	49853262.0	0.0001	0.05	265.94	356	9876	26265517.0	265.95	251	8870	23587744.0	265.93
581	SBER	2023-12-08 15:10:00	265.93	265.95	265.15	265.55	-0.1429	2163	68699	182356519.0	0.0001	0.04	265.44	1185	35650	94634097.0	265.45	978	33049	87722421.0	265.43
582	SBER	2023-12-08 15:15:00	265.54	265.77	265.15	265.24	-0.113	684	26155	69406734.0	0.0001	0.24	265.37	381	16243	43103650.0	265.37	303	9912	26303084.0	265.37
583	SBER	2023-12-08 15:20:00	265.22	265.65	265.18	265.6	0.1433	463	16372	43455727.0	0.0	-0.28	265.43	210	5919	15711887.0	265.45	253	10453	27743840.0	265.42
584	SBER	2023-12-08 15:25:00	265.61	265.64	265.24	265.28	-0.1242	472	21282	56500463.0	0.0001	-0.1	265.48	223	9533	25310645.0	265.51	249	11749	31189818.0	265.47
585	SBER	2023-12-08 15:30:00	265.23	265.55	264.75	265.19	-0.0151	2048	105609	279966798.0	0.0001	0.25	265.1	1167	65791	174417829.0	265.11	881	39818	105548968.0	265.08
586	SBER	2023-12-08 15:35:00	265.2	265.37	265.0	265.29	0.0339	434	19204	50924056.0	0.0001	-0.09	265.17	213	8704	23080729.0	265.17	221	10500	27843327.0	265.17
587	SBER	2023-12-08 15:40:00	265.25	265.48	265.1	265.27	0.0075	525	20029	53136955.0	0.0001	-0.34	265.3	254	6656	17655393.0	265.26	271	13373	35481562.0	265.32
588	SBER	2023-12-08 15:45:00	265.26	265.55	265.25	265.42	0.0603	384	14110	37455439.0	0.0001	0.23	265.45	184	8666	23004184.0	265.45	200	5444	14451254.0	265.45
589	SBER	2023-12-08 15:50:00	265.43	265.55	265.41	265.43	0.0	353	12152	32260362.0	0.0001	0.36	265.47	163	8274	21965427.0	265.48	190	3878	10294935.0	265.47
590	SBER	2023-12-08 15:55:00	265.43	265.46	264.8	264.94	-0.1846	766	35866	95057562.0	0.0001	-0.06	265.04	388	16930	44873273.0	265.05	378	18936	50184288.0	265.02
591	SBER	2023-12-08 16:00:00	264.92	265.3	264.9	265.06	0.0528	414	17394	46115619.0	0.0001	-0.09	265.12	194	7930	21026045.0	265.15	220	9464	25089574.0	265.11
592	SBER	2023-12-08 16:05:00	265.07	265.07	264.1	264.48	-0.2226	1662	91481	241897796.0	0.0002	0.05	264.42	896	47963	126833595.0	264.44	766	43518	115064200.0	264.41
593	SBER	2023-12-08 16:10:00	264.59	264.82	264.25	264.62	0.0113	823	57588	152306434.0	0.0001	-0.14	264.48	390	24687	65290797.0	264.47	433	32901	87015637.0	264.48
594	SBER	2023-12-08 16:15:00	264.62	264.64	264.0	264.34	-0.1058	1302	66317	175157171.0	0.0001	0.26	264.12	798	41751	110267944.0	264.11	504	24566	64889227.0	264.14
595	SBER	2023-12-08 16:20:00	264.38	264.38	263.72	264.02	-0.1362	1491	88914	234714118.0	0.0001	-0.1	263.98	783	39864	105229464.0	263.97	708	49050	129484654.0	263.99
596	SBER	2023-12-08 16:25:00	264.01	264.16	264.0	264.15	0.053	578	24451	64569047.0	0.0001	-0.16	264.08	281	10231	27016454.0	264.06	297	14220	37552593.0	264.08
597	SBER	2023-12-08 16:30:00	264.15	264.16	263.89	264.04	-0.0416	815	19545	51593749.0	0.0	-0.1	263.97	388	8834	23319688.0	263.98	427	10711	28274061.0	263.97
598	SBER	2023-12-08 16:35:00	264.03	264.41	264.0	264.21	0.0682	672	22882	60453294.0	0.0001	0.05	264.2	323	11971	31626786.0	264.2	349	10911	28826508.0	264.2
599	SBER	2023-12-08 16:40:00	264.2	264.81	264.19	264.54	0.1287	770	38123	100845729.0	0.0001	0.07	264.53	399	20454	54109864.0	264.54	371	17669	46735864.0	264.51
600	SBER	2023-12-08 16:45:00	264.52	264.69	264.19	264.19	-0.1248	528	24669	65247688.0	0.0001	0.2	264.49	259	14745	39000319.0	264.5	269	9924	26247369.0	264.48
601	SBER	2023-12-08 16:50:00	264.19	264.69	264.19	264.61	0.159	586	11994	31715897.0	0.0001	0.11	264.43	304	6645	17571394.0	264.43	282	5349	14144502.0	264.43
602	SBER	2023-12-08 16:55:00	264.62	264.69	264.49	264.51	-0.0416	393	9775	25867972.0	0.0001	-0.16	264.63	192	4121	10905035.0	264.62	201	5654	14962937.0	264.64
603	SBER	2023-12-08 17:00:00	264.56	264.82	264.56	264.8	0.0907	424	18702	49502184.0	0.0	0.39	264.69	208	12990	34382776.0	264.69	216	5712	15119408.0	264.7
604	SBER	2023-12-08 17:05:00	264.81	265.0	264.75	264.99	0.068	656	23795	63030920.0	0.0001	-0.29	264.89	324	8477	22453788.0	264.88	332	15318	40577131.0	264.9
605	SBER	2023-12-08 17:10:00	264.97	265.0	264.72	264.72	-0.0944	495	20520	54364519.0	0.0001	-0.4	264.93	209	6189	16396603.0	264.93	286	14331	37967915.0	264.94
606	SBER	2023-12-08 17:15:00	264.73	265.0	264.7	264.98	0.0944	358	17740	46992741.0	0.0001	-0.06	264.9	202	8365	22157200.0	264.88	156	9375	24835541.0	264.91
607	SBER	2023-12-08 17:20:00	264.99	265.2	264.98	265.0	0.0038	362	13394	35498499.0	0.0	0.04	265.03	188	6981	18501803.0	265.03	174	6413	16996696.0	265.04
608	SBER	2023-12-08 17:25:00	265.0	265.28	264.91	265.28	0.1057	371	10742	28471951.0	0.0001	-0.25	265.05	178	4008	10622938.0	265.04	193	6734	17849012.0	265.06
609	SBER	2023-12-08 17:30:00	265.27	265.4	264.53	264.56	-0.2677	725	34571	91670049.0	0.0001	-0.08	265.16	351	15949	42289039.0	265.15	374	18622	49381010.0	265.18
610	SBER	2023-12-08 17:35:00	264.57	264.8	264.57	264.79	0.0832	246	6987	18496498.0	0.0	-0.13	264.73	115	3056	8090113.0	264.73	131	3931	10406384.0	264.73
611	SBER	2023-12-08 17:40:00	264.77	264.79	264.7	264.72	-0.0189	237	7634	20208744.0	0.0	0.03	264.72	103	3919	10374324.0	264.72	134	3715	9834419.0	264.72
612	SBER	2023-12-08 17:45:00	264.72	264.76	264.51	264.51	-0.0793	459	18713	49520998.0	0.0001	0.01	264.63	234	9454	25017807.0	264.63	225	9259	24503191.0	264.64
