Date,Open,High,Low,Close,Volume,Dividends,Stock Splits
2012-12-21 00:00:00-05:00,2.262666940689087,2.2780001163482666,2.2386670112609863,2.266666889190674,22386000.0,0,0.0
2012-12-26 00:00:00-05:00,2.2639999389648438,2.299999952316284,2.233333110809326,2.239332914352417,9021000.0,0,0.0
2012-12-31 00:00:00-05:00,2.200000047683716,2.26466703414917,2.200000047683716,2.257999897003174,8923500.0,0,0.0
2013-01-10 00:00:00-05:00,2.257999897003174,2.2660000324249268,2.2253329753875732,2.23533296585083,13837500.0,0,0.0
2013-01-15 00:00:00-05:00,2.2073330879211426,2.2833330631256104,2.2053329944610596,2.259999990463257,24363000.0,0,0.0
2013-01-25 00:00:00-05:00,2.4666669368743896,2.50266695022583,2.4533329010009766,2.4653329849243164,19317000.0,0,0.0
2013-01-30 00:00:00-05:00,2.5233330726623535,2.5333330631256104,2.495332956314087,2.501332998275757,14521500.0,0,0.0
2013-02-04 00:00:00-05:00,2.559999942779541,2.561332941055298,2.50600004196167,2.5160000324249268,16920000.0,0,0.0
2013-02-14 00:00:00-05:00,2.5759999752044678,2.5833330154418945,2.547333002090454,2.551332950592041,14860500.0,0,0.0
2013-02-19 00:00:00-05:00,2.4906671047210693,2.619333028793335,2.487333059310913,2.618666887283325,40521000.0,0,0.0
2013-03-01 00:00:00-05:00,2.3333330154418945,2.3386669158935547,2.2833330631256104,2.309999942779541,23199000.0,0,0.0
2013-03-06 00:00:00-05:00,2.4673330783843994,2.5253329277038574,2.4646670818328857,2.512666940689087,17250000.0,0,0.0
2013-03-11 00:00:00-04:00,2.5913329124450684,2.629333019256592,2.576667070388794,2.6066670417785645,23692500.0,0,0.0
2013-03-21 00:00:00-04:00,2.396667003631592,2.4706668853759766,2.382667064666748,2.4006669521331787,17194500.0,0,0.0
2013-03-26 00:00:00-04:00,2.5320000648498535,2.5480000972747803,2.510667085647583,2.5239999294281006,27123000.0,0,0.0
2013-04-05 00:00:00-04:00,2.799999952316284,2.799999952316284,2.700000047683716,2.757999897003174,23286000.0,0,0.0
2013-04-10 00:00:00-04:00,2.7133328914642334,2.8006670475006104,2.7073330879211426,2.7906670570373535,31816500.0,0,0.0
2013-04-15 00:00:00-04:00,2.9000000953674316,2.9200000762939453,2.8340001106262207,2.886667013168335,25221000.0,0,0.0
2013-04-25 00:00:00-04:00,3.3666670322418213,3.493333101272583,3.3666670322418213,3.4666669368743896,41938500.0,0,0.0
2013-04-30 00:00:00-04:00,3.733333110809326,3.878667116165161,3.5840001106262207,3.5993330478668213,82839000.0,0,0.0
2013-05-10 00:00:00-04:00,4.6433329582214355,5.400000095367432,4.616666793823242,5.117332935333252,376239000.0,0,0.0
2013-05-15 00:00:00-04:00,5.453332901000977,5.791999816894531,5.207333087921143,5.656000137329102,253180500.0,0,0.0
2013-05-20 00:00:00-04:00,6.074666976928711,6.1666669845581055,5.908667087554932,5.995999813079834,125226000.0,0,0.0
2013-05-30 00:00:00-04:00,6.830667018890381,7.302667140960693,6.74666690826416,6.99666690826416,242005500.0,0,0.0
2013-06-04 00:00:00-04:00,6.183332920074463,6.427999973297119,6.159999847412109,6.322667121887207,132841500.0,0,0.0
2013-06-14 00:00:00-04:00,6.6666669845581055,6.834667205810547,6.622000217437744,6.686666965484619,98470500.0,0,0.0
2013-06-19 00:00:00-04:00,6.803999900817871,7.111332893371582,6.800666809082031,6.97866678237915,128683500.0,0,0.0
2013-06-24 00:00:00-04:00,6.433332920074463,6.857999801635742,6.353332996368408,6.765999794006348,106797000.0,0,0.0
2013-07-09 00:00:00-04:00,8.309332847595215,8.354666709899902,8.12733268737793,8.229999542236328,129049500.0,0,0.0
2013-07-19 00:00:00-04:00,7.900000095367432,8.036666870117188,7.767333030700684,7.97866678237915,88354500.0,0,0.0
2013-07-24 00:00:00-04:00,8.29800033569336,8.300000190734863,7.970666885375977,8.113332748413086,103035000.0,0,0.0
2013-07-29 00:00:00-04:00,8.621333122253418,9.024666786193848,8.550000190734863,8.974666595458984,145183500.0,0,0.0
2013-08-08 00:00:00-04:00,10.289999961853027,10.592000007629395,10.030667304992676,10.232000350952148,408702000.0,0,0.0
2013-08-13 00:00:00-04:00,9.966667175292969,9.989333152770996,9.630000114440918,9.695332527160645,131233500.0,0,0.0
2013-08-23 00:00:00-04:00,10.466667175292969,10.819999694824219,10.333333015441895,10.78933334350586,193978500.0,0,0.0
2013-08-28 00:00:00-04:00,11.27066707611084,11.433333396911621,10.883333206176758,11.096667289733887,221101500.0,0,0.0
2013-09-12 00:00:00-04:00,10.933333396911621,11.11733341217041,10.700667381286621,10.995332717895508,92400000.0,0,0.0
2013-09-17 00:00:00-04:00,11.005332946777344,11.227999687194824,10.890666961669922,11.081999778747559,82453500.0,0,0.0
2013-09-27 00:00:00-04:00,12.501333236694336,12.751999855041504,12.428667068481445,12.726667404174805,88746000.0,0,0.0
2013-10-02 00:00:00-04:00,12.572667121887207,12.788666725158691,11.69333267211914,12.063332557678223,311631000.0,0,0.0
2013-10-07 00:00:00-04:00,12.163999557495117,12.4486665725708,12.017333030700684,12.204667091369629,172284000.0,0,0.0
2013-10-17 00:00:00-04:00,12.236000061035156,12.319999694824219,12.065999984741211,12.186667442321777,100575000.0,0,0.0
2013-10-22 00:00:00-04:00,11.366666793823242,11.85200023651123,11.074000358581543,11.435999870300293,170800500.0,0,0.0
2013-11-01 00:00:00-04:00,10.866666793823242,11.0600004196167,10.694000244140625,10.811332702636719,107709000.0,0,0.0
2013-11-06 00:00:00-05:00,10.320667266845703,10.715332984924316,9.756667137145996,10.077333450317383,466075500.0,0,0.0
2013-11-11 00:00:00-05:00,9.399999618530273,9.694666862487793,9.140000343322754,9.646666526794434,209964000.0,0,0.0
2013-11-21 00:00:00-05:00,8.192667007446289,8.31933307647705,8.016667366027832,8.140000343322754,178557000.0,0,0.0
2013-11-26 00:00:00-05:00,7.958666801452637,8.1813325881958,7.739999771118164,8.033332824707031,208282500.0,0,0.0
2013-12-06 00:00:00-05:00,9.434000015258789,9.499333381652832,9.08666706085205,9.157333374023438,118644000.0,0,0.0
2013-12-11 00:00:00-05:00,9.458666801452637,9.536666870117188,9.299332618713379,9.3100004196167,107067000.0,0,0.0
2013-12-16 00:00:00-05:00,9.898667335510254,10.028667449951172,9.739999771118164,9.862667083740234,100129500.0,0,0.0
2013-12-26 00:00:00-05:00,10.336000442504883,10.533332824707031,10.28600025177002,10.366666793823242,106942500.0,0,0.0
2013-12-31 00:00:00-05:00,10.154666900634766,10.213333129882812,9.910667419433594,10.028667449951172,63936000.0,0,0.0
2014-01-10 00:00:00-05:00,9.897333145141602,9.926667213439941,9.483332633972168,9.714667320251465,111691500.0,0,0.0
2014-01-15 00:00:00-05:00,11.229999542236328,11.482000350952148,10.80666732788086,10.942000389099121,306984000.0,0,0.0
2014-01-30 00:00:00-05:00,11.866666793823242,12.3186674118042,11.800666809082031,12.189332962036133,128475000.0,0,0.0
2014-02-04 00:00:00-05:00,12.046667098999023,12.106666564941406,11.74666690826416,11.915332794189453,70294500.0,0,0.0
2014-02-14 00:00:00-05:00,13.206666946411133,13.458666801452637,13.133333206176758,13.215332984924316,92370000.0,0,0.0
2014-02-19 00:00:00-05:00,13.579999923706055,13.579999923706055,12.894000053405762,12.909333229064941,242535000.0,0,0.0
2014-02-24 00:00:00-05:00,13.917332649230957,14.557332992553711,13.887999534606934,14.510000228881836,124176000.0,0,0.0
2014-03-06 00:00:00-05:00,16.94266700744629,17.166667938232422,16.6299991607666,16.862667083740234,110416500.0,0,0.0
2014-03-11 00:00:00-04:00,15.766667366027832,16.30666732788086,15.495332717895508,15.62733268737793,132151500.0,0,0.0
2014-03-21 00:00:00-04:00,15.73466682434082,15.74666690826416,15.166666984558105,15.259332656860352,123253500.0,0,0.0
2014-03-26 00:00:00-04:00,14.796667098999023,14.84000015258789,14.09000015258789,14.197333335876465,103609500.0,0,0.0
2014-03-31 00:00:00-04:00,14.433333396911621,14.449999809265137,13.759332656860352,13.896666526794434,125700000.0,0,0.0
2014-04-10 00:00:00-04:00,14.454667091369629,14.5,13.586000442504883,13.612667083740234,108172500.0,0,0.0
2014-04-15 00:00:00-04:00,13.272666931152344,13.28600025177002,12.288000106811523,12.927332878112793,204889500.0,0,0.0
2014-04-25 00:00:00-04:00,13.466667175292969,13.779999732971191,13.176667213439941,13.323332786560059,104950500.0,0,0.0
2014-04-30 00:00:00-04:00,13.573332786560059,13.87733268737793,13.41866683959961,13.859333038330078,66609000.0,0,0.0
2014-05-05 00:00:00-04:00,13.965332984924316,14.512666702270508,13.90133285522461,14.440667152404785,77205000.0,0,0.0
2014-05-15 00:00:00-04:00,12.665332794189453,12.843999862670898,12.353333473205566,12.572667121887207,90606000.0,0,0.0
2014-05-20 00:00:00-04:00,13.129332542419434,13.288666725158691,12.871333122253418,13.020000457763672,83191500.0,0,0.0
2014-05-30 00:00:00-04:00,14.020000457763672,14.319999694824219,13.8013334274292,13.851332664489746,83716500.0,0,0.0
2014-06-04 00:00:00-04:00,13.623332977294922,13.750666618347168,13.359999656677246,13.599332809448242,51411000.0,0,0.0
2014-06-09 00:00:00-04:00,13.863332748413086,13.999333381652832,13.613332748413086,13.687333106994629,42085500.0,0,0.0
2014-06-19 00:00:00-04:00,15.2586669921875,15.687333106994629,15.133333206176758,15.185999870300293,131896500.0,0,0.0
2014-06-24 00:00:00-04:00,15.9313325881958,16.125333786010742,15.442000389099121,15.5,121138500.0,0,0.0
2014-07-09 00:00:00-04:00,14.751333236694336,14.947999954223633,14.61400032043457,14.870667457580566,61731000.0,0,0.0
2014-07-14 00:00:00-04:00,14.666000366210938,15.252667427062988,14.363332748413086,15.113332748413086,108048000.0,0,0.0
2014-07-24 00:00:00-04:00,14.883333206176758,15.006667137145996,14.720000267028809,14.902667045593262,48682500.0,0,0.0
2014-07-29 00:00:00-04:00,15.107333183288574,15.220000267028809,14.990667343139648,15.000666618347168,50736000.0,0,0.0
2014-08-08 00:00:00-04:00,16.743999481201172,16.784000396728516,16.433332443237305,16.54199981689453,76351500.0,0,0.0
2014-08-13 00:00:00-04:00,17.46733283996582,17.709333419799805,17.30733299255371,17.354000091552734,103989000.0,0,0.0
2014-08-18 00:00:00-04:00,17.549999237060547,17.817333221435547,17.316667556762695,17.32933235168457,87738000.0,0,0.0
2014-08-28 00:00:00-04:00,17.459333419799805,17.631999969482422,17.44266700744629,17.590667724609375,42673500.0,0,0.0
2014-09-02 00:00:00-04:00,18.366666793823242,18.992666244506836,18.286666870117188,18.941333770751953,147786000.0,0,0.0
2014-09-12 00:00:00-04:00,18.700000762939453,18.826000213623047,18.46666717529297,18.613332748413086,49869000.0,0,0.0
2014-09-17 00:00:00-04:00,17.493999481201172,17.64666748046875,17.299999237060547,17.42533302307129,77665500.0,0,0.0
2014-09-22 00:00:00-04:00,17.0,17.06800079345703,16.31399917602539,16.66866683959961,123211500.0,0,0.0
2014-10-02 00:00:00-04:00,16.68000030517578,16.8526668548584,16.357332229614258,16.761333465576172,134973000.0,0,0.0
2014-10-07 00:00:00-04:00,17.235332489013672,17.430667877197266,17.048667907714844,17.30466651916504,67282500.0,0,0.0
2014-10-17 00:00:00-04:00,15.558667182922363,15.65133285522461,15.103333473205566,15.165332794189453,158241000.0,0,0.0
2014-10-22 00:00:00-04:00,15.545999526977539,15.826000213623047,15.370667457580566,15.40666675567627,61749000.0,0,0.0
2014-10-27 00:00:00-04:00,15.616666793823242,15.640666961669922,14.687333106994629,14.777999877929688,143299500.0,0,0.0
2014-11-06 00:00:00-05:00,15.63266658782959,16.445999145507812,15.233332633972168,16.08133316040039,230320500.0,0,0.0
2014-11-11 00:00:00-05:00,16.170000076293945,16.788000106811523,16.133333206176758,16.738666534423828,119232000.0,0,0.0
2014-11-21 00:00:00-05:00,16.81399917602539,16.851999282836914,16.14466667175293,16.185333251953125,112276500.0,0,0.0
2014-11-26 00:00:00-05:00,16.555999755859375,16.600000381469727,16.440000534057617,16.562667846679688,29718000.0,0,0.0
2014-12-01 00:00:00-05:00,16.077333450317383,16.1646671295166,15.267333030700684,15.442667007446289,129291000.0,0,0.0
2014-12-11 00:00:00-05:00,14.035332679748535,14.362000465393066,13.881999969482422,13.925333023071289,100416000.0,0,0.0
2014-12-16 00:00:00-05:00,13.392666816711426,13.578666687011719,13.024666786193848,13.187333106994629,126391500.0,0,0.0
2014-12-26 00:00:00-05:00,14.767333030700684,15.233332633972168,14.766667366027832,15.187999725341797,49905000.0,0,0.0
2014-12-31 00:00:00-05:00,14.87266731262207,15.045332908630371,14.816666603088379,14.827333450317383,34462500.0,0,0.0
2015-01-05 00:00:00-05:00,14.303333282470703,14.433333396911621,13.810667037963867,14.005999565124512,80527500.0,0,0.0
2015-01-15 00:00:00-05:00,12.965999603271484,13.050000190734863,12.666666984558105,12.791333198547363,78247500.0,0,0.0
2015-01-20 00:00:00-05:00,12.924667358398438,12.941332817077637,12.469332695007324,12.795332908630371,67548000.0,0,0.0
2015-01-30 00:00:00-05:00,13.597332954406738,13.83133316040039,13.533332824707031,13.573332786560059,45105000.0,0,0.0
2015-02-04 00:00:00-05:00,14.552666664123535,14.76533317565918,14.453332901000977,14.569999694824219,49581000.0,0,0.0
2015-02-09 00:00:00-05:00,14.358667373657227,14.528667449951172,14.13266658782959,14.498666763305664,52086000.0,0,0.0
2015-02-19 00:00:00-05:00,13.666666984558105,14.162667274475098,13.583333015441895,14.11400032043457,77311500.0,0,0.0
2015-02-24 00:00:00-05:00,13.81933307647705,13.81933307647705,13.446666717529297,13.607333183288574,99054000.0,0,0.0
2015-03-06 00:00:00-05:00,13.280667304992676,13.383333206176758,12.8100004196167,12.925333023071289,100686000.0,0,0.0
2015-03-11 00:00:00-04:00,12.743332862854004,13.078666687011719,12.734000205993652,12.916000366210938,74623500.0,0,0.0
2015-03-16 00:00:00-04:00,12.800000190734863,13.060667037963867,12.653332710266113,13.046667098999023,84432000.0,0,0.0
2015-03-26 00:00:00-04:00,12.928000450134277,12.986000061035156,12.646666526794434,12.694000244140625,61920000.0,0,0.0
2015-03-31 00:00:00-04:00,12.902000427246094,12.917332649230957,12.560667037963867,12.584667205810547,75399000.0,0,0.0
2015-04-10 00:00:00-04:00,13.989999771118164,14.109999656677246,13.933333396911621,14.0600004196167,61015500.0,0,0.0
2015-04-15 00:00:00-04:00,13.830666542053223,13.97266674041748,13.773332595825195,13.85533332824707,29286000.0,0,0.0
2015-04-20 00:00:00-04:00,13.785332679748535,13.856666564941406,13.59000015258789,13.684666633605957,38389500.0,0,0.0
2015-04-30 00:00:00-04:00,15.359333038330078,15.526000022888184,15.011333465576172,15.069999694824219,58678500.0,0,0.0
2015-05-05 00:00:00-04:00,15.850666999816895,15.966667175292969,15.275333404541016,15.529999732971191,86953500.0,0,0.0
2015-05-15 00:00:00-04:00,16.261999130249023,16.626667022705078,16.166667938232422,16.589332580566406,67914000.0,0,0.0
2015-05-20 00:00:00-04:00,16.475332260131836,16.516000747680664,16.091333389282227,16.290000915527344,56334000.0,0,0.0
2015-06-04 00:00:00-04:00,16.5,16.6200008392334,16.380666732788086,16.39466667175293,36804000.0,0,0.0
2015-06-09 00:00:00-04:00,17.02666664123535,17.182666778564453,16.94266700744629,17.066667556762695,39166500.0,0,0.0
2015-06-19 00:00:00-04:00,17.49333381652832,17.586666107177734,17.34000015258789,17.500667572021484,36945000.0,0,0.0
2015-06-24 00:00:00-04:00,17.798667907714844,17.823333740234375,17.58133316040039,17.67799949645996,36184500.0,0,0.0
2015-06-29 00:00:00-04:00,17.463333129882812,17.729999542236328,17.3799991607666,17.468000411987305,52183500.0,0,0.0
2015-07-09 00:00:00-04:00,17.27199935913086,17.530000686645508,17.119333267211914,17.19466781616211,50011500.0,0,0.0
2015-07-14 00:00:00-04:00,17.47333335876465,17.732667922973633,17.367332458496094,17.709999084472656,28614000.0,0,0.0
2015-07-24 00:00:00-04:00,17.825332641601562,18.07266616821289,17.594667434692383,17.694000244140625,42547500.0,0,0.0
2015-07-29 00:00:00-04:00,17.618000030517578,17.859333038330078,17.46666717529297,17.58799934387207,41851500.0,0,0.0
2015-08-03 00:00:00-04:00,17.752666473388672,17.78066635131836,17.13800048828125,17.332666397094727,38302500.0,0,0.0
2015-08-13 00:00:00-04:00,15.990667343139648,16.43199920654297,15.941332817077637,16.167333602905273,70338000.0,0,0.0
2015-08-18 00:00:00-04:00,17.025333404541016,17.39666748046875,16.90399932861328,17.381332397460938,62925000.0,0,0.0
2015-08-28 00:00:00-04:00,16.124000549316406,16.76333236694336,16.10466766357422,16.565332412719727,82705500.0,0,0.0
2015-09-02 00:00:00-04:00,16.35333251953125,16.525333404541016,15.985333442687988,16.512666702270508,69438000.0,0,0.0
2015-09-17 00:00:00-04:00,17.597333908081055,17.700000762939453,17.37933349609375,17.471332550048828,53787000.0,0,0.0
2015-09-22 00:00:00-04:00,17.268667221069336,17.510000228881836,17.058000564575195,17.395999908447266,54966000.0,0,0.0
2015-10-02 00:00:00-04:00,15.706666946411133,16.51333236694336,15.661999702453613,16.504667282104492,66360000.0,0,0.0
2015-10-07 00:00:00-04:00,15.775333404541016,15.846667289733887,15.274666786193848,15.46399974822998,102210000.0,0,0.0
2015-10-12 00:00:00-04:00,14.866000175476074,14.866666793823242,14.351332664489746,14.371999740600586,57544500.0,0,0.0
2015-10-22 00:00:00-04:00,14.104000091552734,14.383333206176758,13.960000038146973,14.114666938781738,42378000.0,0,0.0
2015-10-27 00:00:00-04:00,14.322667121887207,14.473333358764648,13.833999633789062,14.023332595825195,52791000.0,0,0.0
2015-11-06 00:00:00-05:00,15.380000114440918,15.557332992553711,15.300000190734863,15.490667343139648,36679500.0,0,0.0
2015-11-11 00:00:00-05:00,14.517999649047852,14.631999969482422,14.241999626159668,14.60533332824707,50217000.0,0,0.0
2015-11-16 00:00:00-05:00,13.739333152770996,14.331999778747559,13.720000267028809,14.287332534790039,43881000.0,0,0.0
2015-12-01 00:00:00-05:00,15.404000282287598,15.866666793823242,15.403332710266113,15.812666893005371,56010000.0,0,0.0
2015-12-11 00:00:00-05:00,15.015999794006348,15.050000190734863,14.442667007446289,14.468000411987305,49030500.0,0,0.0
2015-12-16 00:00:00-05:00,14.80666732788086,15.658666610717773,14.715332984924316,15.633999824523926,76564500.0,0,0.0
2015-12-21 00:00:00-05:00,15.446000099182129,15.722000122070312,15.405332565307617,15.503999710083008,29298000.0,0,0.0
2015-12-31 00:00:00-05:00,15.900667190551758,16.229999542236328,15.891332626342773,16.000667572021484,40725000.0,0,0.0
2016-01-05 00:00:00-05:00,15.090666770935059,15.12600040435791,14.666666984558105,14.895333290100098,47802000.0,0,0.0
2016-01-15 00:00:00-05:00,13.264666557312012,13.671333312988281,13.149999618530273,13.666000366210938,83679000.0,0,0.0
2016-01-20 00:00:00-05:00,13.293333053588867,13.41866683959961,12.75,13.24666690826416,87579000.0,0,0.0
2016-01-25 00:00:00-05:00,13.337332725524902,13.571332931518555,13.058667182922363,13.092000007629395,40480500.0,0,0.0
2016-02-04 00:00:00-05:00,11.380000114440918,11.732000350952148,11.13266658782959,11.688667297363281,65781000.0,0,0.0
2016-02-09 00:00:00-05:00,9.48799991607666,10.652667045593262,9.403332710266113,9.883333206176758,129774000.0,0,0.0
2016-02-19 00:00:00-05:00,10.910667419433594,11.166000366210938,10.833333015441895,11.10533332824707,44391000.0,0,0.0
2016-02-24 00:00:00-05:00,11.516667366027832,11.966667175292969,11.189332962036133,11.933333396911621,80934000.0,0,0.0
2016-02-29 00:00:00-05:00,12.826666831970215,13.09000015258789,12.614666938781738,12.795332908630371,67485000.0,0,0.0
2016-03-10 00:00:00-05:00,14.0,14.219332695007324,13.378000259399414,13.678667068481445,77887500.0,0,0.0
2016-03-15 00:00:00-04:00,14.284667015075684,14.597999572753906,14.100000381469727,14.555999755859375,47707500.0,0,0.0
2016-03-30 00:00:00-04:00,15.672666549682617,15.699999809265137,15.100000381469727,15.12600040435791,60495000.0,0,0.0
2016-04-04 00:00:00-04:00,16.607999801635742,16.808000564575195,16.242666244506836,16.465999603271484,202129500.0,0,0.0
2016-04-14 00:00:00-04:00,16.866666793823242,17.12266731262207,16.73666763305664,16.790666580200195,61983000.0,0,0.0
2016-04-19 00:00:00-04:00,16.874666213989258,16.95800018310547,16.083332061767578,16.4913330078125,95362500.0,0,0.0
2016-04-29 00:00:00-04:00,16.542667388916016,16.562000274658203,15.854000091552734,16.05066680908203,81207000.0,0,0.0
2016-05-04 00:00:00-04:00,15.352666854858398,15.630666732788086,14.69333267211914,14.837332725524902,130507500.0,0,0.0
2016-05-09 00:00:00-04:00,14.381333351135254,14.40999984741211,13.786666870117188,13.928000450134277,71646000.0,0,0.0
2016-05-19 00:00:00-04:00,14.2413330078125,14.452667236328125,13.819999694824219,14.347332954406738,102994500.0,0,0.0
2016-05-24 00:00:00-04:00,14.4399995803833,14.582667350769043,14.345333099365234,14.52733325958252,45207000.0,0,0.0
2016-06-03 00:00:00-04:00,14.666666984558105,14.795999526977539,14.534000396728516,14.599332809448242,33435000.0,0,0.0
2016-06-08 00:00:00-04:00,15.58666706085205,16.05666732788086,15.507332801818848,15.701333045959473,89580000.0,0,0.0
2016-06-13 00:00:00-04:00,14.633333206176758,15.0513334274292,14.510666847229004,14.524666786193848,62895000.0,0,0.0
2016-06-23 00:00:00-04:00,13.045999526977539,13.170000076293945,12.808667182922363,13.09333324432373,151960500.0,0,0.0
2016-06-28 00:00:00-04:00,13.459333419799805,13.603333473205566,13.293999671936035,13.452667236328125,93186000.0,0,0.0
2016-07-08 00:00:00-04:00,14.520000457763672,14.654000282287598,14.300000190734863,14.45199966430664,61122000.0,0,0.0
2016-07-13 00:00:00-04:00,15.033332824707031,15.03933334350586,14.685999870300293,14.835332870483398,53506500.0,0,0.0
2016-07-18 00:00:00-04:00,14.642666816711426,15.13933277130127,14.553333282470703,15.083333015441895,51181500.0,0,0.0
2016-07-28 00:00:00-04:00,15.196666717529297,15.383999824523926,15.106666564941406,15.37399959564209,36286500.0,0,0.0
2016-08-02 00:00:00-04:00,15.291333198547363,15.324666976928711,14.760000228881836,15.146666526794434,59016000.0,0,0.0
2016-08-12 00:00:00-04:00,15.02733325958252,15.109999656677246,14.935999870300293,15.040666580200195,27202500.0,0,0.0
2016-08-17 00:00:00-04:00,14.95533275604248,14.988666534423828,14.853333473205566,14.88266658782959,26806500.0,0,0.0
2016-08-22 00:00:00-04:00,14.944666862487793,15.007332801818848,14.845333099365234,14.862000465393066,30982500.0,0,0.0
2016-09-01 00:00:00-04:00,13.934000015258789,14.073332786560059,13.366666793823242,13.38466739654541,119146500.0,0,0.0
2016-09-06 00:00:00-04:00,13.267999649047852,13.550000190734863,13.266667366027832,13.522000312805176,65859000.0,0,0.0
2016-09-16 00:00:00-04:00,13.361332893371582,13.713333129882812,13.266667366027832,13.69333267211914,46617000.0,0,0.0
2016-09-21 00:00:00-04:00,13.758000373840332,13.800000190734863,13.437333106994629,13.6813325881958,39502500.0,0,0.0
2016-09-26 00:00:00-04:00,13.766667366027832,14.066666603088379,13.766667366027832,13.932666778564453,35916000.0,0,0.0
2016-10-06 00:00:00-04:00,13.497332572937012,13.61400032043457,13.347332954406738,13.399999618530273,70551000.0,0,0.0
2016-10-11 00:00:00-04:00,13.456666946411133,13.479999542236328,13.220666885375977,13.34000015258789,34926000.0,0,0.0
2016-10-21 00:00:00-04:00,13.239999771118164,13.437999725341797,13.160667419433594,13.339332580566406,44151000.0,0,0.0
2016-10-26 00:00:00-04:00,13.399999618530273,13.545999526977539,13.34000015258789,13.482666969299316,84492000.0,0,0.0
2016-10-31 00:00:00-04:00,13.499333381652832,13.499333381652832,13.053999900817871,13.182000160217285,70384500.0,0,0.0
2016-11-10 00:00:00-05:00,12.736666679382324,12.77400016784668,12.027999877929688,12.356666564941406,101254500.0,0,0.0
2016-11-15 00:00:00-05:00,12.185333251953125,12.428667068481445,12.136667251586914,12.251333236694336,58530000.0,0,0.0
2016-11-25 00:00:00-05:00,12.909333229064941,13.149333000183105,12.909333229064941,13.109999656677246,35491500.0,0,0.0
2016-11-30 00:00:00-05:00,12.733332633972168,12.792667388916016,12.5,12.626667022705078,53206500.0,0,0.0
2016-12-05 00:00:00-05:00,12.167332649230957,12.592666625976562,12.167332649230957,12.453332901000977,61083000.0,0,0.0
2016-12-15 00:00:00-05:00,13.227333068847656,13.38266658782959,13.159333229064941,13.17199993133545,48294000.0,0,0.0
2016-12-20 00:00:00-05:00,13.536666870117188,13.933333396911621,13.5,13.919333457946777,70336500.0,0,0.0
2016-12-30 00:00:00-05:00,14.420000076293945,14.5,14.112000465393066,14.246000289916992,69639000.0,0,0.0
2017-01-04 00:00:00-05:00,14.316666603088379,15.199999809265137,14.287332534790039,15.13266658782959,168202500.0,0,0.0
2017-01-09 00:00:00-05:00,15.264666557312012,15.461333274841309,15.199999809265137,15.41866683959961,59692500.0,0,0.0
2017-01-19 00:00:00-05:00,16.483333587646484,16.57866668701172,16.049999237060547,16.250667572021484,115984500.0,0,0.0
2017-01-24 00:00:00-05:00,16.666667938232422,16.98666763305664,16.643333435058594,16.974000930786133,74482500.0,0,0.0
2017-02-03 00:00:00-05:00,16.79400062561035,16.812000274658203,16.64533233642578,16.755332946777344,32800500.0,0,0.0
2017-02-08 00:00:00-05:00,17.156667709350586,17.55733299255371,17.079999923706055,17.472000122070312,58995000.0,0,0.0
2017-02-13 00:00:00-05:00,18.049333572387695,18.71933364868164,18.034000396728516,18.706666946411133,105444000.0,0,0.0
2017-02-23 00:00:00-05:00,17.600000381469727,17.643999099731445,17.03733253479004,17.06599998474121,223728000.0,0,0.0
2017-02-28 00:00:00-05:00,16.279333114624023,16.733333587646484,16.260000228881836,16.666000366210938,91171500.0,0,0.0
2017-03-10 00:00:00-05:00,16.413999557495117,16.433332443237305,16.200000762939453,16.246000289916992,45994500.0,0,0.0
2017-03-15 00:00:00-04:00,17.133333206176758,17.399999618530273,16.951332092285156,17.048667907714844,79962000.0,0,0.0
2017-03-20 00:00:00-04:00,17.373332977294922,17.636667251586914,17.254667282104492,17.461332321166992,54214500.0,0,0.0
2017-03-30 00:00:00-04:00,18.535999298095703,18.799999237060547,18.480667114257812,18.527999877929688,62226000.0,0,0.0
2017-04-04 00:00:00-04:00,19.792667388916016,20.320667266845703,19.635332107543945,20.246667861938477,152019000.0,0,0.0
2017-04-19 00:00:00-04:00,20.163999557495117,20.441333770751953,20.140666961669922,20.368000030517578,58470000.0,0,0.0
2017-04-24 00:00:00-04:00,20.614667892456055,20.703332901000977,20.40133285522461,20.53533363342285,76252500.0,0,0.0
2017-05-04 00:00:00-04:00,20.496000289916992,20.51799964904785,19.384000778198242,19.69733238220215,212280000.0,0,0.0
2017-05-09 00:00:00-04:00,20.625333786010742,21.465999603271484,20.606666564941406,21.417333602905273,145147500.0,0,0.0
2017-05-19 00:00:00-04:00,21.03333282470703,21.100000381469727,20.68000030517578,20.722000122070312,70314000.0,0,0.0
2017-05-24 00:00:00-04:00,20.43400001525879,20.733333587646484,20.360000610351562,20.681333541870117,75499500.0,0,0.0
2017-06-08 00:00:00-04:00,24.25,24.793333053588867,24.014667510986328,24.666667938232422,135922500.0,0,0.0
2017-06-13 00:00:00-04:00,24.507999420166016,25.066667556762695,24.44066619873047,25.06333351135254,177118500.0,0,0.0
2017-06-23 00:00:00-04:00,25.496667861938477,25.799333572387695,25.290000915527344,25.56333351135254,96687000.0,0,0.0
2017-06-28 00:00:00-04:00,24.44533348083496,24.78266716003418,24.167999267578125,24.749332427978516,94537500.0,0,0.0
2017-07-03 00:00:00-04:00,24.682666778564453,24.75666618347168,23.433332443237305,23.507999420166016,94581000.0,0,0.0
2017-07-13 00:00:00-04:00,22.007333755493164,22.106666564941406,21.33133316040039,21.560667037963867,128917500.0,0,0.0
2017-07-18 00:00:00-04:00,21.166667938232422,21.941999435424805,21.04400062561035,21.882667541503906,95605500.0,0,0.0
2017-07-28 00:00:00-04:00,22.459333419799805,22.639999389648438,22.167333602905273,22.33799934387207,73206000.0,0,0.0
2017-08-02 00:00:00-04:00,21.262666702270508,21.808000564575195,20.74799919128418,21.72599983215332,196372500.0,0,0.0
2017-08-07 00:00:00-04:00,23.823333740234375,23.965333938598633,23.516666412353516,23.67799949645996,94867500.0,0,0.0
2017-08-17 00:00:00-04:00,24.08066749572754,24.219999313354492,23.439332962036133,23.461332321166992,75415500.0,0,0.0
2017-08-22 00:00:00-04:00,22.742000579833984,22.81599998474121,22.4913330078125,22.75666618347168,64830000.0,0,0.0
2017-09-01 00:00:00-04:00,23.7413330078125,23.839332580566406,23.57933235168457,23.69333267211914,45742500.0,0,0.0
2017-09-06 00:00:00-04:00,23.299999237060547,23.398666381835938,22.770666122436523,22.968666076660156,61371000.0,0,0.0
2017-09-11 00:00:00-04:00,23.42333221435547,24.247333526611328,23.333332061767578,24.246000289916992,115006500.0,0,0.0
2017-09-21 00:00:00-04:00,24.99333381652832,25.121999740600586,24.30066680908203,24.43199920654297,69273000.0,0,0.0
2017-09-26 00:00:00-04:00,23.39533233642578,23.416000366210938,22.726667404174805,23.016666412353516,107344500.0,0,0.0
2017-10-06 00:00:00-04:00,23.540000915527344,24.00666618347168,23.483333587646484,23.79199981689453,64462500.0,0,0.0
2017-10-11 00:00:00-04:00,23.592666625976562,23.84000015258789,23.40999984741211,23.639999389648438,67512000.0,0,0.0
2017-10-16 00:00:00-04:00,23.583999633789062,23.631999969482422,23.143999099731445,23.373332977294922,80632500.0,0,0.0
2017-10-26 00:00:00-04:00,21.851999282836914,22.01533317565918,21.546667098999023,21.744667053222656,75352500.0,0,0.0
2017-10-31 00:00:00-04:00,21.34866714477539,22.1299991607666,21.345333099365234,22.101999282836914,85084500.0,0,0.0
2017-11-10 00:00:00-05:00,20.166667938232422,20.55733299255371,20.123332977294922,20.19933319091797,69381000.0,0,0.0
2017-11-15 00:00:00-05:00,20.400667190551758,20.832666397094727,20.100000381469727,20.753332138061523,89680500.0,0,0.0
2017-11-20 00:00:00-05:00,20.91933250427246,21.03333282470703,20.316667556762695,20.582666397094727,123715500.0,0,0.0
2017-11-30 00:00:00-05:00,20.570667266845703,20.713333129882812,20.30266761779785,20.59000015258789,65274000.0,0,0.0
2017-12-05 00:00:00-05:00,20.133333206176758,20.53333282470703,20.066667556762695,20.246667861938477,69697500.0,0,0.0
2017-12-15 00:00:00-05:00,22.80266761779785,22.926666259765625,22.384000778198242,22.89666748046875,103998000.0,0,0.0
2017-12-20 00:00:00-05:00,22.179332733154297,22.206666946411133,21.66933250427246,21.93199920654297,89307000.0,0,0.0
2018-01-04 00:00:00-05:00,20.857999801635742,21.23666763305664,20.3786678314209,20.974666595458984,149194500.0,0,0.0
2018-01-09 00:00:00-05:00,22.3439998626709,22.586666107177734,21.82666778564453,22.246000289916992,107199000.0,0,0.0
2018-01-19 00:00:00-05:00,23.0,23.37266731262207,22.84000015258789,23.334667205810547,73324500.0,0,0.0
2018-01-24 00:00:00-05:00,23.6386661529541,23.649999618530273,22.90133285522461,23.05933380126953,79312500.0,0,0.0
2018-01-29 00:00:00-05:00,22.656667709350586,23.389999389648438,22.552000045776367,23.302000045776367,71206500.0,0,0.0
2018-02-08 00:00:00-05:00,22.887332916259766,23.2413330078125,20.97333335876465,21.01533317565918,154719000.0,0,0.0
2018-02-13 00:00:00-05:00,21.001333236694336,21.612667083740234,20.833999633789062,21.577333450317383,68403000.0,0,0.0
2018-02-23 00:00:00-05:00,23.18866729736328,23.666000366210938,23.139999389648438,23.469999313354492,87261000.0,0,0.0
2018-02-28 00:00:00-05:00,23.504667282104492,23.682666778564453,22.814666748046875,22.87066650390625,91045500.0,0,0.0
2018-03-05 00:00:00-05:00,22.159332275390625,22.516666412353516,21.952667236328125,22.22333335876465,57357000.0,0,0.0
2018-03-15 00:00:00-04:00,21.958667755126953,22.190000534057617,21.406667709350586,21.706666946411133,98472000.0,0,0.0
2018-03-20 00:00:00-04:00,20.9913330078125,21.083332061767578,20.583999633789062,20.703332901000977,71464500.0,0,0.0
2018-04-04 00:00:00-04:00,16.851999282836914,19.224666595458984,16.799999237060547,19.12933349609375,298450500.0,0,0.0
2018-04-09 00:00:00-04:00,20.024667739868164,20.633333206176758,19.28066635131836,19.310667037963867,153747000.0,0,0.0
2018-04-19 00:00:00-04:00,19.405332565307617,20.067333221435547,19.23666763305664,20.005332946777344,91359000.0,0,0.0
2018-04-24 00:00:00-04:00,19.0,19.139333724975586,18.56399917602539,18.8973331451416,85279500.0,0,0.0
2018-05-04 00:00:00-04:00,18.866666793823242,19.790666580200195,18.634666442871094,19.606000900268555,128541000.0,0,0.0
2018-05-09 00:00:00-04:00,20.027332305908203,20.46733283996582,20.003332138061523,20.456666946411133,85911000.0,0,0.0
2018-05-14 00:00:00-04:00,20.221332550048828,20.32933235168457,19.441333770751953,19.46466636657715,109302000.0,0,0.0
2018-05-24 00:00:00-04:00,18.559999465942383,18.74066734313965,18.326000213623047,18.523332595825195,62650500.0,0,0.0
2018-05-29 00:00:00-04:00,18.567333221435547,19.100000381469727,18.40999984741211,18.917333602905273,84999000.0,0,0.0
2018-06-08 00:00:00-04:00,21.266666412353516,21.631999969482422,21.143333435058594,21.17733383178711,123078000.0,0,0.0
2018-06-13 00:00:00-04:00,23.11400032043457,23.14666748046875,22.65333366394043,22.985332489013672,142047000.0,0,0.0
2018-06-18 00:00:00-04:00,23.69333267211914,24.915332794189453,23.633333206176758,24.722000122070312,181098000.0,0,0.0
2018-06-28 00:00:00-04:00,23.243999481201172,23.801332473754883,23.073999404907227,23.32866668701172,125970000.0,0,0.0
2018-07-03 00:00:00-04:00,22.116666793823242,22.166000366210938,20.645999908447266,20.724000930786133,184239000.0,0,0.0
2018-07-13 00:00:00-04:00,21.038667678833008,21.30533218383789,20.616666793823242,21.257999420166016,88047000.0,0,0.0
2018-07-18 00:00:00-04:00,21.666667938232422,21.700000762939453,21.083332061767578,21.59000015258789,84363000.0,0,0.0
2018-07-23 00:00:00-04:00,20.12266731262207,20.366666793823242,19.52400016784668,20.213333129882812,164893500.0,0,0.0
2018-08-02 00:00:00-04:00,21.895999908447266,23.332666397094727,21.54400062561035,23.30266761779785,348225000.0,0,0.0
2018-08-07 00:00:00-04:00,22.922666549682617,25.83066749572754,22.610000610351562,25.30466651916504,463137000.0,0,0.0
2018-08-17 00:00:00-04:00,21.566667556762695,21.784666061401367,20.235332489013672,20.366666793823242,284379000.0,0,0.0
2018-08-22 00:00:00-04:00,21.391332626342773,21.591999053955078,20.97800064086914,21.44266700744629,89190000.0,0,0.0
2018-08-27 00:00:00-04:00,21.200000762939453,21.496000289916992,20.58733367919922,21.284666061401367,196189500.0,0,0.0
2018-09-06 00:00:00-04:00,18.98666763305664,19.411333084106445,18.591999053955078,18.729999542236328,112212000.0,0,0.0
2018-09-11 00:00:00-04:00,18.631332397460938,18.799999237060547,18.23666763305664,18.62933349609375,137550000.0,0,0.0
2018-09-21 00:00:00-04:00,19.84666633605957,20.038667678833008,19.691333770751953,19.940000534057617,75757500.0,0,0.0
2018-09-26 00:00:00-04:00,20.12733268737793,20.926000595092773,20.073999404907227,20.6386661529541,117648000.0,0,0.0
2018-10-01 00:00:00-04:00,20.384666442871094,20.762666702270508,20.06999969482422,20.713333129882812,326664000.0,0,0.0
2018-10-11 00:00:00-04:00,17.16866683959961,17.483333587646484,16.601999282836914,16.815332412719727,122515500.0,0,0.0
2018-10-16 00:00:00-04:00,17.713333129882812,18.492000579833984,17.482667922973633,18.439332962036133,142896000.0,0,0.0
2018-10-26 00:00:00-04:00,20.549999237060547,22.65999984741211,20.44333267211914,22.059999465942383,411382500.0,0,0.0
2018-10-31 00:00:00-04:00,22.16933250427246,22.799999237060547,21.940000534057617,22.488000869750977,114364500.0,0,0.0
2018-11-05 00:00:00-05:00,22.700000762939453,22.930667877197266,22.00933265686035,22.760000228881836,117465000.0,0,0.0
2018-11-15 00:00:00-05:00,22.82200050354004,23.238666534423828,22.6026668548584,23.229333877563477,69385500.0,0,0.0
2018-11-20 00:00:00-05:00,22.78333282470703,23.31999969482422,22.23666763305664,23.166000366210938,120070500.0,0,0.0
2018-11-30 00:00:00-05:00,22.788667678833008,23.440000534057617,22.55066680908203,23.365333557128906,84436500.0,0,0.0
2018-12-10 00:00:00-05:00,24.0,24.398666381835938,23.541332244873047,24.343332290649414,99202500.0,0,0.0
2018-12-20 00:00:00-05:00,21.803333282470703,22.019332885742188,20.791332244873047,21.025333404541016,136078500.0,0,0.0
2019-01-04 00:00:00-05:00,20.399999618530273,21.200000762939453,20.18199920654297,21.179332733154297,110911500.0,0,0.0
2019-01-09 00:00:00-05:00,22.366666793823242,22.899999618530273,22.097999572753906,22.568666458129883,81493500.0,0,0.0
2019-01-14 00:00:00-05:00,22.825332641601562,22.833332061767578,22.266666412353516,22.293333053588867,78709500.0,0,0.0
2019-01-24 00:00:00-05:00,18.868667602539062,19.57866668701172,18.618667602539062,19.43400001525879,120183000.0,0,0.0
2019-01-29 00:00:00-05:00,19.684667587280273,19.90399932861328,19.453332901000977,19.83066749572754,69325500.0,0,0.0
2019-02-08 00:00:00-05:00,20.455333709716797,20.496667861938477,19.899999618530273,20.386667251586914,87663000.0,0,0.0
2019-02-13 00:00:00-05:00,20.823333740234375,20.850000381469727,20.3713321685791,20.544666290283203,77124000.0,0,0.0
2019-02-28 00:00:00-05:00,21.261333465576172,21.333332061767578,20.720666885375977,21.325332641601562,157810500.0,0,0.0
2019-03-05 00:00:00-05:00,18.799999237060547,18.933332443237305,18.00666618347168,18.43600082397461,281470500.0,0,0.0
2019-03-15 00:00:00-04:00,18.900667190551758,18.9146671295166,18.293333053588867,18.36199951171875,221782500.0,0,0.0
2019-03-20 00:00:00-04:00,17.979333877563477,18.33133316040039,17.753332138061523,18.239999771118164,103623000.0,0,0.0
2019-03-25 00:00:00-04:00,17.31399917602539,17.545333862304688,16.964000701904297,17.3613338470459,153225000.0,0,0.0
2019-04-04 00:00:00-04:00,17.459333419799805,18.079999923706055,17.37266731262207,17.851999282836914,355810500.0,0,0.0
2019-04-09 00:00:00-04:00,18.110000610351562,18.333332061767578,17.974000930786133,18.15399932861328,88560000.0,0,0.0
2019-04-24 00:00:00-04:00,17.59000015258789,17.687999725341797,17.200000762939453,17.243999481201172,160912500.0,0,0.0
2019-04-29 00:00:00-04:00,15.723999977111816,16.26533317565918,15.477999687194824,16.097999572753906,250717500.0,0,0.0
2019-05-09 00:00:00-04:00,16.133333206176758,16.245332717895508,15.795999526977539,16.131999969482422,100671000.0,0,0.0
2019-05-14 00:00:00-04:00,15.286666870117188,15.633333206176758,15.199999809265137,15.487333297729492,108786000.0,0,0.0
2019-05-24 00:00:00-04:00,13.321999549865723,13.331999778747559,12.583333015441895,12.708666801452637,212049000.0,0,0.0
2019-05-29 00:00:00-04:00,12.473333358764648,12.826000213623047,12.336000442504883,12.657333374023438,179529000.0,0,0.0
2019-06-03 00:00:00-04:00,12.36733341217041,12.445332527160645,11.799332618713379,11.9313325881958,195966000.0,0,0.0
2019-06-13 00:00:00-04:00,14.025333404541016,14.326666831970215,13.833999633789062,14.260666847229004,122524500.0,0,0.0
2019-06-18 00:00:00-04:00,15.248000144958496,15.649333000183105,14.837332725524902,14.982666969299316,190737000.0,0,0.0
2019-06-28 00:00:00-04:00,14.732666969299316,15.011333465576172,14.720000267028809,14.897333145141602,102771000.0,0,0.0
2019-07-03 00:00:00-04:00,15.959333419799805,16.10466766357422,15.633999824523926,15.65999984741211,213016500.0,0,0.0
2019-07-08 00:00:00-04:00,15.416000366210938,15.483332633972168,15.244000434875488,15.355999946594238,88207500.0,0,0.0
2019-07-18 00:00:00-04:00,17.003332138061523,17.049999237060547,16.792667388916016,16.902666091918945,71379000.0,0,0.0
2019-07-23 00:00:00-04:00,17.11400032043457,17.365333557128906,16.96666717529297,17.344667434692383,75346500.0,0,0.0
2019-08-02 00:00:00-04:00,15.423333168029785,15.751333236694336,15.281999588012695,15.62266731262207,92047500.0,0,0.0
2019-08-07 00:00:00-04:00,15.100000381469727,15.571332931518555,15.053333282470703,15.561332702636719,71647500.0,0,0.0
2019-08-12 00:00:00-04:00,15.53266716003418,15.718000411987305,15.25,15.267333030700684,69958500.0,0,0.0
2019-08-22 00:00:00-04:00,14.853333473205566,15.026666641235352,14.54800033569336,14.8100004196167,98385000.0,0,0.0
2019-08-27 00:00:00-04:00,14.38266658782959,14.58666706085205,14.135333061218262,14.272000312805176,81243000.0,0,0.0
2019-09-06 00:00:00-04:00,15.146666526794434,15.309332847595215,15.011333465576172,15.16333293914795,62841000.0,0,0.0
2019-09-11 00:00:00-04:00,15.825332641601562,16.544666290283203,15.733332633972168,16.47333335876465,150642000.0,0,0.0
2019-09-16 00:00:00-04:00,16.399999618530273,16.495332717895508,16.077999114990234,16.187332153320312,70921500.0,0,0.0
2019-09-26 00:00:00-04:00,15.37733268737793,16.220666885375977,15.15999984741211,16.17066764831543,178267500.0,0,0.0
2019-10-01 00:00:00-04:00,16.100000381469727,16.39666748046875,15.942000389099121,16.312667846679688,92439000.0,0,0.0
2019-10-11 00:00:00-04:00,16.476667404174805,16.738666534423828,16.45400047302246,16.525999069213867,127131000.0,0,0.0
2019-10-16 00:00:00-04:00,17.159332275390625,17.47333335876465,17.128000259399414,17.316667556762695,100261500.0,0,0.0
2019-10-21 00:00:00-04:00,17.222000122070312,17.299999237060547,16.678667068481445,16.899999618530273,75304500.0,0,0.0
2019-10-31 00:00:00-04:00,20.873332977294922,21.266666412353516,20.866666793823242,20.994667053222656,76005000.0,0,0.0
2019-11-05 00:00:00-05:00,21.308000564575195,21.567333221435547,21.07466697692871,21.148000717163086,104151000.0,0,0.0
2019-11-15 00:00:00-05:00,23.375999450683594,23.520000457763672,23.224000930786133,23.47800064086914,72135000.0,0,0.0
2019-11-20 00:00:00-05:00,24.0,24.079999923706055,23.30466651916504,23.481332778930664,100876500.0,0,0.0
2019-11-25 00:00:00-05:00,22.954666137695312,22.971332550048828,22.297332763671875,22.422666549682617,185092500.0,0,0.0
2019-12-05 00:00:00-05:00,22.18866729736328,22.294666290283203,21.816667556762695,22.024667739868164,55869000.0,0,0.0
2019-12-10 00:00:00-05:00,22.663999557495117,23.381999969482422,22.62066650390625,23.256000518798828,132424500.0,0,0.0
2019-12-20 00:00:00-05:00,27.3526668548584,27.53333282470703,26.679332733154297,27.03933334350586,221290500.0,0,0.0
2019-12-30 00:00:00-05:00,28.586000442504883,28.600000381469727,27.284000396728516,27.64666748046875,188796000.0,0,0.0
2020-01-09 00:00:00-05:00,33.13999938964844,33.253334045410156,31.524667739868164,32.089332580566406,426606000.0,0,0.0
2020-01-14 00:00:00-05:00,36.284000396728516,36.49399948120117,34.99333190917969,35.861331939697266,434943000.0,0,0.0
2020-01-24 00:00:00-05:00,38.04199981689453,38.25733184814453,36.95066833496094,37.654666900634766,215304000.0,0,0.0
2020-01-29 00:00:00-05:00,38.37933349609375,39.31999969482422,37.82866668701172,38.732666015625,267022500.0,0,0.0
2020-02-03 00:00:00-05:00,44.91266632080078,52.409332275390625,44.90133285522461,52.0,705975000.0,0,0.0
2020-02-13 00:00:00-05:00,49.45600128173828,54.53333282470703,49.0,53.599998474121094,394339500.0,0,0.0
2020-02-18 00:00:00-05:00,56.106666564941406,57.33333206176758,55.490665435791016,57.22666549682617,245725500.0,0,0.0
2020-02-28 00:00:00-05:00,41.97999954223633,46.03466796875,40.768001556396484,44.53266525268555,363343500.0,0,0.0
2020-03-04 00:00:00-05:00,50.930667877197266,51.10133361816406,48.31533432006836,49.96666717529297,225735000.0,0,0.0
2020-03-09 00:00:00-04:00,40.35933303833008,44.20000076293945,40.33333206176758,40.53333282470703,256105500.0,0,0.0
2020-03-19 00:00:00-04:00,24.979999542236328,30.133333206176758,23.8973331451416,28.50933265686035,452932500.0,0,0.0
2020-03-24 00:00:00-04:00,31.81999969482422,34.24599838256836,31.600000381469727,33.66666793823242,343428000.0,0,0.0
2020-04-03 00:00:00-04:00,33.96666717529297,34.36600112915039,31.22599983215332,32.000667572021484,338431500.0,0,0.0
2020-04-08 00:00:00-04:00,36.9466667175293,37.14733123779297,35.55533218383789,36.589332580566406,189840000.0,0,0.0
2020-04-13 00:00:00-04:00,39.34400177001953,43.46666717529297,38.70199966430664,43.39666748046875,337131000.0,0,0.0
2020-04-23 00:00:00-04:00,48.50666809082031,48.93333435058594,46.87533187866211,47.04199981689453,198550500.0,0,0.0
2020-04-28 00:00:00-04:00,53.042667388916016,53.66666793823242,50.44599914550781,51.27466583251953,228330000.0,0,0.0
2020-05-08 00:00:00-04:00,52.917999267578125,54.93333435058594,52.46733474731445,54.62799835205078,241297500.0,0,0.0
2020-05-13 00:00:00-04:00,54.72200012207031,55.06666564941406,50.88666534423828,52.73066711425781,285982500.0,0,0.0
2020-05-18 00:00:00-04:00,55.185333251953125,55.64799880981445,53.59199905395508,54.242000579833984,174987000.0,0,0.0
2020-05-28 00:00:00-04:00,54.23400115966797,54.983333587646484,53.44599914550781,53.72066879272461,108834000.0,0,0.0
2020-06-02 00:00:00-04:00,59.64666748046875,60.57733154296875,58.06666564941406,58.770668029785156,203484000.0,0,0.0
2020-06-12 00:00:00-04:00,65.33333587646484,65.8653335571289,60.84000015258789,62.35200119018555,251451000.0,0,0.0
2020-06-17 00:00:00-04:00,65.84733581542969,67.0,65.50466918945312,66.11933135986328,148362000.0,0,0.0
2020-06-22 00:00:00-04:00,66.663330078125,67.2586669921875,66.00133514404297,66.28800201416016,95436000.0,0,0.0
2020-07-02 00:00:00-04:00,81.43199920654297,81.86666870117188,79.04000091552734,80.57733154296875,258751500.0,0,0.0
2020-07-07 00:00:00-04:00,93.6673355102539,95.30000305175781,89.11399841308594,92.65733337402344,322345500.0,0,0.0
2020-07-17 00:00:00-04:00,100.89666748046875,102.50066375732422,99.33333587646484,100.05599975585938,139950000.0,0,0.0
2020-07-22 00:00:00-04:00,106.5999984741211,108.4280014038086,104.13333129882812,106.15533447265625,212416500.0,0,0.0
2020-07-27 00:00:00-04:00,95.66666412353516,103.19599914550781,94.19999694824219,102.63999938964844,240730500.0,0,0.0
2020-08-06 00:00:00-04:00,99.38866424560547,101.15399932861328,98.48400115966797,99.30533599853516,89884500.0,0,0.0
2020-08-11 00:00:00-04:00,93.06666564941406,94.66666412353516,91.0,91.6259994506836,129387000.0,0,0.0
2020-08-21 00:00:00-04:00,136.3173370361328,139.69932556152344,135.00332641601562,136.6653289794922,322344000.0,0,0.0
2020-08-26 00:00:00-04:00,137.3333282470703,144.39999389648438,136.90866088867188,143.54466247558594,213591000.0,0,0.0
2020-08-31 00:00:00-04:00,148.20333862304688,166.7133331298828,146.70333862304688,166.10667419433594,355123200.0,0,5.0
2020-09-10 00:00:00-04:00,128.73666381835938,132.99667358398438,120.1866683959961,123.77999877929688,254791800.0,0,0.0
2020-09-15 00:00:00-04:00,145.52000427246094,153.97999572753906,143.56666564941406,149.9199981689453,291894600.0,0,0.0
2020-09-25 00:00:00-04:00,131.1566619873047,136.2433319091797,130.43333435058594,135.77999877929688,201625500.0,0,0.0
2020-09-30 00:00:00-04:00,140.44000244140625,144.64332580566406,140.1566619873047,143.00332641601562,144436800.0,0,0.0
2020-10-05 00:00:00-04:00,141.11666870117188,144.54666137695312,139.77667236328125,141.89332580566406,134168400.0,0,0.0
2020-10-15 00:00:00-04:00,150.10333251953125,152.19000244140625,147.5,149.6266632080078,107017200.0,0,0.0
2020-10-20 00:00:00-04:00,143.9166717529297,143.9166717529297,139.68333435058594,140.64666748046875,94968900.0,0,0.0
2020-10-30 00:00:00-04:00,135.63333129882812,135.8633270263672,126.37000274658203,129.34666442871094,127533900.0,0,0.0
2020-11-04 00:00:00-05:00,143.5399932861328,145.13333129882812,139.03334045410156,140.32666015625,96429300.0,0,0.0
2020-11-09 00:00:00-05:00,146.5,150.8333282470703,140.3333282470703,140.4199981689453,104499000.0,0,0.0
2020-11-19 00:00:00-05:00,164.0,169.5366668701172,162.52333068847656,166.42333984375,187425900.0,0,0.0
2020-11-24 00:00:00-05:00,180.13333129882812,186.663330078125,175.39999389648438,185.1266632080078,160945500.0,0,0.0
2020-12-04 00:00:00-05:00,197.00332641601562,199.67999267578125,195.1666717529297,199.67999267578125,88203900.0,0,0.0
2020-12-09 00:00:00-05:00,217.89666748046875,218.10667419433594,196.0,201.4933319091797,213873600.0,0,0.0
2020-12-14 00:00:00-05:00,206.3333282470703,214.25,203.39999389648438,213.27667236328125,156121800.0,0,0.0
2020-12-24 00:00:00-05:00,214.3300018310547,222.02999877929688,213.6666717529297,220.58999633789062,68596800.0,0,0.0
2020-12-29 00:00:00-05:00,220.3333282470703,223.3000030517578,218.3333282470703,221.99667358398438,68732400.0,0,0.0
2021-01-08 00:00:00-05:00,285.3333435058594,294.8299865722656,279.46331787109375,293.3399963378906,225166500.0,0,0.0
2021-01-13 00:00:00-05:00,284.2533264160156,286.8233337402344,277.3333435058594,284.8033447265625,99937500.0,0,0.0
2021-01-28 00:00:00-05:00,273.3333435058594,282.6666564941406,267.0,278.4766540527344,79134000.0,0,0.0
2021-02-02 00:00:00-05:00,281.55999755859375,293.5,280.73333740234375,290.92999267578125,73038600.0,0,0.0
2021-02-12 00:00:00-05:00,267.086669921875,272.4433288574219,261.77667236328125,272.0400085449219,71304900.0,0,0.0
2021-02-17 00:00:00-05:00,259.6966552734375,266.61334228515625,254.00332641601562,266.04998779296875,77989500.0,0,0.0
2021-02-22 00:00:00-05:00,254.2133331298828,256.1666564941406,236.73333740234375,238.1666717529297,111809100.0,0,0.0
2021-03-04 00:00:00-05:00,218.60000610351562,222.81666564941406,200.0,207.14666748046875,197758500.0,0,0.0
2021-03-09 00:00:00-05:00,202.72666931152344,226.02999877929688,198.40333557128906,224.52667236328125,202569900.0,0,0.0
2021-03-19 00:00:00-04:00,215.53334045410156,219.07666015625,208.2066650390625,218.2899932861328,128682000.0,0,0.0
2021-03-24 00:00:00-04:00,222.6366729736328,222.67333984375,210.0366668701172,210.08999633789062,101385600.0,0,0.0
2021-03-29 00:00:00-04:00,205.2133331298828,205.4933319091797,198.67333984375,203.76333618164062,85911000.0,0,0.0
2021-04-08 00:00:00-04:00,225.7933349609375,229.85000610351562,223.88333129882812,227.93333435058594,71772900.0,0,0.0
2021-04-13 00:00:00-04:00,237.56666564941406,254.3333282470703,236.8866729736328,254.10667419433594,133958400.0,0,0.0
2021-04-23 00:00:00-04:00,239.93333435058594,245.7866668701172,238.48666381835938,243.13333129882812,85110000.0,0,0.0
2021-04-28 00:00:00-04:00,232.1366729736328,236.1666717529297,231.1999969482422,231.46665954589844,66813000.0,0,0.0
2021-05-03 00:00:00-04:00,234.60000610351562,235.3333282470703,226.8333282470703,228.3000030517578,81129300.0,0,0.0
2021-05-13 00:00:00-04:00,200.51333618164062,202.15333557128906,186.5500030517578,190.56333923339844,132554700.0,0,0.0
2021-05-18 00:00:00-04:00,189.3333282470703,198.75,187.7933349609375,192.6233367919922,110491800.0,0,0.0
2021-05-28 00:00:00-04:00,209.5,211.8633270263672,207.4600067138672,208.4066619873047,68211000.0,0,0.0
2021-06-02 00:00:00-04:00,206.7100067138672,207.7866668701172,199.7133331298828,201.7066650390625,69908400.0,0,0.0
2021-06-07 00:00:00-04:00,197.27667236328125,203.3333282470703,194.2933349609375,201.7100067138672,67631100.0,0,0.0
2021-06-17 00:00:00-04:00,200.6300048828125,207.1566619873047,200.44667053222656,205.53334045410156,68104200.0,0,0.0
2021-06-22 00:00:00-04:00,206.0833282470703,209.52333068847656,205.1666717529297,207.90333557128906,57476700.0,0,0.0
2021-07-02 00:00:00-04:00,226.32666015625,233.3333282470703,224.4199981689453,226.3000030517578,81163500.0,0,0.0
2021-07-07 00:00:00-04:00,221.42333984375,221.89999389648438,212.77333068847656,214.88333129882812,56376000.0,0,0.0
2021-07-12 00:00:00-04:00,220.73333740234375,229.0800018310547,220.72000122070312,228.56666564941406,77781000.0,0,0.0
2021-07-22 00:00:00-04:00,218.81333923339844,220.72332763671875,214.86666870117188,216.4199981689453,45317100.0,0,0.0
2021-07-27 00:00:00-04:00,221.13333129882812,222.1666717529297,209.0800018310547,214.92666625976562,98439900.0,0,0.0
2021-08-06 00:00:00-04:00,237.3000030517578,238.77667236328125,232.5433349609375,233.03334045410156,46869000.0,0,0.0
2021-08-11 00:00:00-04:00,237.57000732421875,238.39332580566406,234.73666381835938,235.94000244140625,29401800.0,0,0.0
2021-08-16 00:00:00-04:00,235.02333068847656,236.5,225.46665954589844,228.72332763671875,68032200.0,0,0.0
2021-08-26 00:00:00-04:00,236.10333251953125,238.46665954589844,232.5399932861328,233.72000122070312,39642900.0,0,0.0
2021-08-31 00:00:00-04:00,244.3333282470703,246.79666137695312,242.14666748046875,245.24000549316406,62566200.0,0,0.0
2021-09-10 00:00:00-04:00,253.1999969482422,254.20333862304688,244.83999633789062,245.42333984375,45552600.0,0,0.0
2021-09-15 00:00:00-04:00,248.3333282470703,252.2866668701172,246.1199951171875,251.94332885742188,46073100.0,0,0.0
2021-09-20 00:00:00-04:00,244.85333251953125,247.3333282470703,239.5399932861328,243.38999938964844,74273100.0,0,0.0
2021-09-30 00:00:00-04:00,260.3333435058594,263.0433349609375,258.3333435058594,258.49334716796875,53868000.0,0,0.0
2021-10-05 00:00:00-04:00,261.6000061035156,265.7699890136719,258.0666809082031,260.1966552734375,55297800.0,0,0.0
2021-10-15 00:00:00-04:00,274.5799865722656,281.07000732421875,274.1166687011719,281.010009765625,56773800.0,0,0.0
2021-10-20 00:00:00-04:00,288.45001220703125,289.8299865722656,285.7933349609375,288.6000061035156,42096300.0,0,0.0
2021-10-25 00:00:00-04:00,316.84332275390625,348.3399963378906,314.73333740234375,341.6199951171875,188556300.0,0,0.0
2021-11-04 00:00:00-04:00,411.4700012207031,414.4966735839844,405.6666564941406,409.9700012207031,76192200.0,0,0.0
2021-11-09 00:00:00-05:00,391.20001220703125,391.5,337.17333984375,341.1666564941406,177317400.0,0,0.0
2021-11-19 00:00:00-05:00,366.2900085449219,379.5733337402344,364.23333740234375,379.0199890136719,64926900.0,0,0.0
2021-11-24 00:00:00-05:00,360.1300048828125,377.5899963378906,354.0,372.0,67680600.0,0,0.0
2021-11-29 00:00:00-05:00,366.9966735839844,380.8900146484375,366.7300109863281,378.9966735839844,58393500.0,0,0.0
2021-12-09 00:00:00-05:00,353.5466613769531,354.163330078125,334.1199951171875,334.6000061035156,59438400.0,0,0.0
2021-12-14 00:00:00-05:00,315.0,322.13665771484375,310.0,319.5033264160156,70806300.0,0,0.0
2021-12-29 00:00:00-05:00,366.21331787109375,368.0,354.71331787109375,362.0633239746094,56154000.0,0,0.0
2022-01-03 00:00:00-05:00,382.5833435058594,400.3566589355469,378.67999267578125,399.9266662597656,103931400.0,0,0.0
2022-01-13 00:00:00-05:00,369.69000244140625,371.8666687011719,342.17999267578125,343.85333251953125,97209900.0,0,0.0
2022-01-18 00:00:00-05:00,342.2033386230469,356.92999267578125,338.6866760253906,343.5033264160156,66743400.0,0,0.0
2022-01-28 00:00:00-05:00,277.1866760253906,285.8333435058594,264.0033264160156,282.1166687011719,134789100.0,0,0.0
2022-02-02 00:00:00-05:00,309.3933410644531,310.5,296.4700012207031,301.88665771484375,66792900.0,0,0.0
2022-02-07 00:00:00-05:00,307.92999267578125,315.92333984375,300.9033203125,302.4466552734375,60994500.0,0,0.0
2022-02-17 00:00:00-05:00,304.4200134277344,306.1666564941406,291.3666687011719,292.1166687011719,55178400.0,0,0.0
2022-02-22 00:00:00-05:00,278.0433349609375,285.57666015625,267.0333251953125,273.84332275390625,83288100.0,0,0.0
2022-03-04 00:00:00-05:00,283.0333251953125,285.2166748046875,275.0533447265625,279.42999267578125,66999600.0,0,0.0
2022-03-09 00:00:00-05:00,279.82666015625,286.85333251953125,277.336669921875,286.3233337402344,59184000.0,0,0.0
2022-03-14 00:00:00-04:00,260.2033386230469,266.8999938964844,252.01333618164062,255.4566650390625,71152200.0,0,0.0
2022-03-24 00:00:00-04:00,336.57666015625,341.4966735839844,329.6000061035156,337.97332763671875,68920800.0,0,0.0
2022-03-29 00:00:00-04:00,369.3299865722656,371.5899963378906,357.7033386230469,366.5233459472656,73614900.0,0,0.0
2022-04-08 00:00:00-04:00,347.7366638183594,349.4800109863281,340.8133239746094,341.8299865722656,55013700.0,0,0.0
2022-04-13 00:00:00-04:00,327.02667236328125,342.0799865722656,324.3666687011719,340.7900085449219,55121100.0,0,0.0
2022-04-18 00:00:00-04:00,329.6766662597656,338.3066711425781,324.4700012207031,334.7633361816406,51715200.0,0,0.0
2022-04-28 00:00:00-04:00,299.99334716796875,300.0,273.8999938964844,292.5033264160156,124948500.0,0,0.0
2022-05-03 00:00:00-04:00,301.05999755859375,308.02667236328125,296.1966552734375,303.0833435058594,63709500.0,0,0.0
2022-05-13 00:00:00-04:00,257.82666015625,262.45001220703125,250.52333068847656,256.5299987792969,92150700.0,0,0.0
2022-05-18 00:00:00-04:00,248.17333984375,253.5,233.60333251953125,236.60333251953125,87811800.0,0,0.0
2022-05-23 00:00:00-04:00,218.33999633789062,226.65333557128906,212.68666076660156,224.96665954589844,88903500.0,0,0.0
2022-06-02 00:00:00-04:00,244.1566619873047,264.2099914550781,242.06666564941406,258.3333435058594,93473100.0,0,0.0
2022-06-07 00:00:00-04:00,234.0,239.99667358398438,230.0933380126953,238.8866729736328,72808500.0,0,0.0
2022-06-17 00:00:00-04:00,213.43333435058594,220.97000122070312,213.19667053222656,216.75999450683594,92641800.0,0,0.0
2022-06-22 00:00:00-04:00,234.50332641601562,246.8333282470703,233.82666015625,236.086669921875,101107500.0,0,0.0
2022-06-27 00:00:00-04:00,249.36666870117188,252.07000732421875,242.56666564941406,244.9199981689453,89178300.0,0,0.0
2022-07-07 00:00:00-04:00,233.9199981689453,245.3633270263672,232.2100067138672,244.5433349609375,81930600.0,0,0.0
2022-07-12 00:00:00-04:00,236.84666442871094,239.77333068847656,228.3699951171875,233.07000732421875,87930900.0,0,0.0
2022-07-22 00:00:00-04:00,276.2200012207031,280.78668212890625,270.71331787109375,272.24334716796875,103472700.0,0,0.0
2022-07-27 00:00:00-04:00,263.80999755859375,275.9266662597656,261.7900085449219,274.82000732421875,88110000.0,0,0.0
2022-08-01 00:00:00-04:00,301.27667236328125,311.8766784667969,295.0,297.27667236328125,117042900.0,0,0.0
2022-08-11 00:00:00-04:00,296.5133361816406,298.2366638183594,285.8333435058594,286.6300048828125,70155000.0,0,0.0
2022-08-16 00:00:00-04:00,311.6666564941406,314.6666564941406,302.8833312988281,306.5633239746094,88136400.0,0,0.0
2022-08-25 00:00:00-04:00,,,,,,0,3.0
2022-08-26 00:00:00-04:00,297.42999267578125,302.0,287.4700012207031,288.0899963378906,57163900.0,0,0.0
2022-08-31 00:00:00-04:00,280.6199951171875,281.25,271.80999755859375,275.6099853515625,52107300.0,0,0.0
2022-09-15 00:00:00-04:00,301.8299865722656,309.1199951171875,300.7200012207031,303.75,64795500.0,0,0.0
2022-09-20 00:00:00-04:00,306.9100036621094,313.3299865722656,305.5799865722656,308.7300109863281,61642800.0,0,0.0
2022-09-30 00:00:00-04:00,266.1499938964844,275.57000732421875,262.4700012207031,265.25,67726600.0,0,0.0
2022-10-05 00:00:00-04:00,245.00999450683594,246.6699981689453,233.27000427246094,240.80999755859375,86982700.0,0,0.0
2022-10-10 00:00:00-04:00,223.92999267578125,226.99000549316406,218.36000061035156,222.9600067138672,67925000.0,0,0.0
2022-10-20 00:00:00-04:00,208.27999877929688,215.5500030517578,202.0,207.27999877929688,117798100.0,0,0.0
2022-10-25 00:00:00-04:00,210.10000610351562,224.35000610351562,210.0,222.4199981689453,96507900.0,0,0.0
2022-11-04 00:00:00-04:00,222.60000610351562,223.8000030517578,203.0800018310547,207.47000122070312,98622200.0,0,0.0
2022-11-09 00:00:00-05:00,190.77999877929688,195.88999938964844,177.1199951171875,177.58999633789062,127062700.0,0,0.0
2022-11-14 00:00:00-05:00,192.77000427246094,195.72999572753906,186.33999633789062,190.9499969482422,92226600.0,0,0.0
2022-11-29 00:00:00-05:00,184.99000549316406,186.3800048828125,178.75,180.8300018310547,83357100.0,0,0.0
2022-12-09 00:00:00-05:00,173.83999633789062,182.5,173.36000061035156,179.0500030517578,104746600.0,0,0.0
2022-12-14 00:00:00-05:00,159.25,161.6199951171875,155.30999755859375,156.8000030517578,140682300.0,0,0.0
2022-12-19 00:00:00-05:00,154.0,155.25,145.82000732421875,149.8699951171875,139390600.0,0,0.0
2022-12-21 00:00:00-05:00,139.3350067138672,141.25,135.88999938964844,138.4967041015625,75483670.0,0,0.0
