<TICKER>;<PER>;<DATE>;<TIME>;<OPEN>;<HIGH>;<LOW>;<CLOSE>;<VOL>
GAZP;W;15/11/10;00:00:00;172.0000000;173.2000000;167.6600000;172.2000000;190400970
GAZP;W;22/11/10;00:00:00;172.9800000;175.1000000;165.6000000;174.4900000;308187888
GAZP;W;29/11/10;00:00:00;175.5000000;193.3000000;172.2000000;190.7000000;579196561
GAZP;W;06/12/10;00:00:00;191.1100000;196.3000000;189.7100000;192.8700000;374519255
GAZP;W;13/12/10;00:00:00;194.1000000;198.1500000;192.6000000;194.1100000;313218609
GAZP;W;20/12/10;00:00:00;193.8400000;197.8400000;192.8500000;195.3200000;152404795
GAZP;W;27/12/10;00:00:00;195.0800000;195.8000000;191.5200000;193.5000000;79232570
GAZP;W;10/01/11;00:00:00;193.9200000;202.8500000;191.9800000;195.9200000;244013213
GAZP;W;17/01/11;00:00:00;195.9900000;201.3500000;191.8100000;192.7100000;329615151
GAZP;W;24/01/11;00:00:00;193.5700000;202.2400000;187.2600000;199.7000000;422670159
GAZP;W;31/01/11;00:00:00;198.4800000;213.7500000;195.8300000;213.3000000;482232776
GAZP;W;07/02/11;00:00:00;213.9000000;216.6500000;205.2200000;208.5000000;438199974
GAZP;W;14/02/11;00:00:00;210.0100000;211.4800000;194.1200000;195.5000000;397238251
GAZP;W;21/02/11;00:00:00;196.2900000;211.2500000;194.8500000;209.3000000;350568271
GAZP;W;28/02/11;00:00:00;210.2900000;215.3000000;207.2500000;214.1200000;384701479
GAZP;W;07/03/11;00:00:00;214.3900000;216.1200000;204.0000000;209.1000000;200938130
GAZP;W;14/03/11;00:00:00;208.0900000;226.8900000;207.9100000;224.1000000;645431770
GAZP;W;21/03/11;00:00:00;225.0200000;226.1500000;219.2000000;222.8100000;309244940
GAZP;W;28/03/11;00:00:00;223.0100000;235.4000000;222.5100000;235.1000000;341356660
GAZP;W;04/04/11;00:00:00;235.9800000;243.7000000;235.1700000;243.2000000;382499040
GAZP;W;11/04/11;00:00:00;243.5100000;247.4700000;226.9000000;227.6000000;443319590
GAZP;W;18/04/11;00:00:00;227.7000000;237.2700000;217.0000000;236.8900000;341583940
GAZP;W;25/04/11;00:00:00;238.0300000;239.7700000;228.1500000;231.7800000;294470100
GAZP;W;02/05/11;00:00:00;231.0200000;232.0000000;204.7000000;211.6800000;398044040
GAZP;W;09/05/11;00:00:00;210.6800000;217.1900000;200.6200000;201.0800000;297017260
GAZP;W;16/05/11;00:00:00;199.2800000;206.1600000;195.6000000;196.9000000;355868800
GAZP;W;23/05/11;00:00:00;194.9900000;202.5000000;190.0500000;201.8200000;367093910
GAZP;W;30/05/11;00:00:00;201.8000000;207.7500000;195.1100000;196.5500000;317187960
GAZP;W;06/06/11;00:00:00;196.5000000;212.4900000;194.0700000;209.2100000;395268690
GAZP;W;13/06/11;00:00:00;210.6000000;211.2500000;198.1800000;200.8000000;268936980
GAZP;W;20/06/11;00:00:00;199.2900000;202.8700000;195.9000000;199.2200000;297091670
GAZP;W;27/06/11;00:00:00;198.5100000;206.3100000;195.6000000;205.0000000;300088170
GAZP;W;04/07/11;00:00:00;205.9000000;208.7800000;201.2100000;205.4400000;247953520
GAZP;W;11/07/11;00:00:00;204.3000000;204.7500000;198.0800000;201.6000000;256771080
GAZP;W;18/07/11;00:00:00;201.3600000;204.9000000;197.7900000;202.7000000;229080680
GAZP;W;25/07/11;00:00:00;200.8900000;203.0400000;198.4000000;199.4400000;219866600
GAZP;W;01/08/11;00:00:00;202.5100000;204.6700000;176.6800000;181.8000000;411295410
GAZP;W;08/08/11;00:00:00;175.3100000;179.4500000;153.1100000;169.5000000;704287740
GAZP;W;15/08/11;00:00:00;171.6000000;176.4300000;161.5100000;169.5600000;385653560
GAZP;W;22/08/11;00:00:00;166.9000000;175.4300000;165.3900000;172.8000000;348180060
GAZP;W;29/08/11;00:00:00;174.8000000;179.4000000;170.6500000;171.0000000;297280580
GAZP;W;05/09/11;00:00:00;169.2500000;175.9800000;167.0800000;168.7900000;291950100
GAZP;W;12/09/11;00:00:00;166.1400000;170.0500000;162.0200000;164.5000000;355867620
GAZP;W;19/09/11;00:00:00;163.4000000;167.2500000;145.5000000;151.2500000;392066360
GAZP;W;26/09/11;00:00:00;148.7000000;160.2000000;146.3300000;155.9000000;365598910
GAZP;W;03/10/11;00:00:00;152.4400000;155.1800000;139.4000000;151.0000000;400163240
GAZP;W;10/10/11;00:00:00;151.9700000;164.5200000;149.1200000;162.8600000;388437270
GAZP;W;17/10/11;00:00:00;164.3200000;168.3600000;157.0900000;166.0100000;366561840
GAZP;W;24/10/11;00:00:00;167.0700000;190.2400000;166.0800000;185.0000000;487011770
GAZP;W;31/10/11;00:00:00;183.1000000;185.4300000;170.3000000;183.2300000;424028750
GAZP;W;07/11/11;00:00:00;184.0500000;188.0500000;177.0200000;183.5000000;391425390
GAZP;W;14/11/11;00:00:00;184.9500000;189.7200000;179.9300000;180.0100000;394167280
GAZP;W;21/11/11;00:00:00;177.9700000;178.1900000;161.8400000;166.2800000;342441120
GAZP;W;28/11/11;00:00:00;168.0800000;186.6900000;167.8000000;183.5200000;452397830
GAZP;W;05/12/11;00:00:00;183.8500000;185.4500000;170.0000000;170.4500000;430001950
GAZP;W;12/12/11;00:00:00;172.5000000;173.5000000;160.1000000;169.5100000;419393630
GAZP;W;19/12/11;00:00:00;168.3700000;173.9500000;163.5500000;169.7100000;283376210
GAZP;W;26/12/11;00:00:00;170.5900000;172.1300000;165.3400000;171.3600000;127230150
GAZP;W;02/01/12;00:00:00;172.5300000;179.3700000;172.2200000;176.2000000;108353970
GAZP;W;09/01/12;00:00:00;175.9500000;180.8200000;174.3300000;178.8400000;211973060
GAZP;W;16/01/12;00:00:00;177.4500000;186.6800000;175.8500000;183.4800000;241254680
GAZP;W;23/01/12;00:00:00;183.4000000;187.4300000;180.7700000;182.5000000;217405300
GAZP;W;30/01/12;00:00:00;181.6300000;189.9000000;181.0300000;189.7000000;219564440
GAZP;W;06/02/12;00:00:00;189.9000000;191.1100000;186.8500000;188.1600000;209059440
GAZP;W;13/02/12;00:00:00;189.2000000;193.6900000;188.0300000;189.7000000;206298340
GAZP;W;20/02/12;00:00:00;191.0700000;194.4000000;186.7300000;193.8500000;147592900
GAZP;W;27/02/12;00:00:00;193.0700000;196.0000000;190.7000000;195.8500000;208171580
GAZP;W;05/03/12;00:00:00;195.8900000;199.8900000;191.0000000;197.5300000;143471700
GAZP;W;12/03/12;00:00:00;196.7700000;200.8000000;195.6900000;197.0100000;219793830
GAZP;W;19/03/12;00:00:00;197.8600000;198.5900000;179.4200000;182.2800000;284803150
GAZP;W;26/03/12;00:00:00;183.2000000;186.1400000;176.3300000;181.3000000;243101670
GAZP;W;02/04/12;00:00:00;182.2000000;185.8000000;177.8000000;178.0700000;218479390
GAZP;W;09/04/12;00:00:00;178.0500000;180.3500000;173.5700000;177.9700000;271406000
GAZP;W;16/04/12;00:00:00;177.0000000;178.6200000;169.0200000;170.9300000;296075040
GAZP;W;23/04/12;00:00:00;171.3000000;171.3400000;163.3900000;169.2700000;267435720
GAZP;W;30/04/12;00:00:00;170.4800000;171.8500000;161.1100000;164.0000000;167659080
GAZP;W;07/05/12;00:00:00;161.4900000;167.0800000;156.2200000;158.0200000;183147800
GAZP;W;14/05/12;00:00:00;157.9200000;158.0000000;137.0700000;139.5800000;375866580
GAZP;W;21/05/12;00:00:00;139.0000000;144.5600000;136.5400000;143.0000000;268093760
GAZP;W;28/05/12;00:00:00;144.4400000;150.5100000;143.6100000;148.6500000;287715770
GAZP;W;04/06/12;00:00:00;146.7500000;153.2000000;146.4500000;152.1400000;231708060
GAZP;W;11/06/12;00:00:00;152.0300000;156.9400000;150.7000000;156.2000000;138831220
GAZP;W;18/06/12;00:00:00;158.0300000;159.1400000;153.5600000;154.9000000;177193840
GAZP;W;25/06/12;00:00:00;154.7800000;154.9800000;150.2000000;153.7600000;165805360
GAZP;W;02/07/12;00:00:00;153.8200000;160.7800000;153.0500000;155.4100000;178715880
GAZP;W;09/07/12;00:00:00;155.4100000;156.7000000;151.0000000;153.3300000;137773590
GAZP;W;16/07/12;00:00:00;153.2000000;157.5800000;153.0000000;153.0100000;145263270
GAZP;W;23/07/12;00:00:00;151.9900000;152.4600000;144.2300000;152.3500000;189089250
GAZP;W;30/07/12;00:00:00;153.4000000;155.0900000;147.5500000;151.1000000;188855420
GAZP;W;06/08/12;00:00:00;151.5000000;156.9900000;150.7900000;153.8500000;165805650
GAZP;W;13/08/12;00:00:00;154.0400000;157.9900000;153.5400000;156.8300000;130789450
GAZP;W;20/08/12;00:00:00;157.0100000;159.3000000;153.7000000;156.8100000;134581470
GAZP;W;27/08/12;00:00:00;157.3900000;157.7700000;154.5700000;157.4000000;133568630
GAZP;W;03/09/12;00:00:00;157.2000000;163.8500000;155.0000000;163.2400000;186451670
GAZP;W;10/09/12;00:00:00;162.9000000;171.0400000;161.8700000;169.5200000;204248690
GAZP;W;17/09/12;00:00:00;169.4000000;170.6000000;162.0000000;163.8000000;208149280
GAZP;W;24/09/12;00:00:00;163.2200000;163.3500000;156.3100000;157.7500000;147706030
GAZP;W;01/10/12;00:00:00;157.1700000;161.0000000;155.2000000;159.0700000;154457200
GAZP;W;08/10/12;00:00:00;158.1000000;159.9200000;151.2700000;152.3600000;167113720
GAZP;W;15/10/12;00:00:00;152.0000000;157.5100000;151.3100000;154.6800000;155533010
GAZP;W;22/10/12;00:00:00;153.8700000;156.8500000;150.1100000;151.5600000;148712170
GAZP;W;29/10/12;00:00:00;151.0900000;151.7600000;141.8300000;146.0300000;186591480
GAZP;W;05/11/12;00:00:00;146.0100000;147.8100000;141.5200000;145.6000000;123278110
GAZP;W;12/11/12;00:00:00;146.0200000;146.4500000;138.0000000;140.2000000;178502180
GAZP;W;19/11/12;00:00:00;140.6500000;143.6000000;139.2100000;141.6300000;124529530
GAZP;W;26/11/12;00:00:00;141.9000000;142.2900000;136.5000000;138.6700000;174624780
GAZP;W;03/12/12;00:00:00;139.4000000;142.9900000;138.3300000;139.5000000;168576850
GAZP;W;10/12/12;00:00:00;139.9800000;141.6000000;139.0300000;139.4100000;153539900
GAZP;W;17/12/12;00:00:00;139.6500000;144.5000000;138.5100000;144.3500000;218601860
GAZP;W;24/12/12;00:00:00;144.4100000;145.8200000;143.6800000;143.7000000;96301920
GAZP;W;07/01/13;00:00:00;146.2000000;149.5100000;145.6400000;147.9700000;97022400
GAZP;W;14/01/13;00:00:00;148.5500000;149.8500000;146.0300000;148.4200000;145422540
GAZP;W;21/01/13;00:00:00;148.4100000;148.7000000;144.8500000;146.4000000;118139220
GAZP;W;28/01/13;00:00:00;146.8700000;147.9900000;141.2700000;142.2800000;160280580
GAZP;W;04/02/13;00:00:00;142.8000000;143.1900000;136.8000000;137.6800000;154140220
GAZP;W;11/02/13;00:00:00;137.8000000;138.2000000;131.7200000;133.9900000;258620720
GAZP;W;18/02/13;00:00:00;134.0000000;137.9800000;133.3000000;136.8100000;173011560
GAZP;W;25/02/13;00:00:00;137.0500000;138.5200000;133.9800000;134.7500000;158693420
GAZP;W;04/03/13;00:00:00;134.2200000;137.3200000;132.5400000;133.7300000;162836440
GAZP;W;11/03/13;00:00:00;135.0200000;144.8200000;134.8600000;144.5000000;318816480
GAZP;W;18/03/13;00:00:00;142.9700000;145.9500000;140.0000000;140.1800000;219877070
GAZP;W;25/03/13;00:00:00;140.9100000;142.3500000;131.9800000;134.0800000;205905370
GAZP;W;01/04/13;00:00:00;133.8800000;134.4800000;128.7700000;130.5000000;208010870
GAZP;W;08/04/13;00:00:00;131.0700000;132.1600000;125.1100000;126.7000000;209088640
GAZP;W;15/04/13;00:00:00;125.9800000;126.7000000;119.6200000;120.1100000;262827030
GAZP;W;22/04/13;00:00:00;120.4900000;125.5900000;118.6400000;122.8200000;245417420
GAZP;W;29/04/13;00:00:00;123.1200000;128.7500000;121.6500000;128.7000000;102188210
GAZP;W;06/05/13;00:00:00;128.8800000;133.6300000;127.5700000;132.8900000;112203910
GAZP;W;13/05/13;00:00:00;132.4900000;132.6600000;121.5400000;125.4900000;212407890
GAZP;W;20/05/13;00:00:00;125.8200000;128.4000000;118.8700000;120.0000000;210156350
GAZP;W;27/05/13;00:00:00;120.8000000;123.4200000;118.0900000;123.4000000;223324850
GAZP;W;03/06/13;00:00:00;122.6100000;122.9600000;116.5800000;117.2500000;230029380
GAZP;W;10/06/13;00:00:00;117.8400000;118.1100000;108.1500000;109.8000000;184222660
GAZP;W;17/06/13;00:00:00;110.0000000;113.9500000;107.4300000;109.6000000;181465560
GAZP;W;24/06/13;00:00:00;108.3000000;111.0800000;106.5000000;109.1000000;170880990
GAZP;W;01/07/13;00:00:00;109.1200000;115.4600000;107.5100000;113.5700000;185228180
GAZP;W;08/07/13;00:00:00;114.4000000;122.0000000;112.5200000;121.8500000;166271560
GAZP;W;15/07/13;00:00:00;122.0500000;134.2500000;121.3400000;129.5300000;282270110
GAZP;W;22/07/13;00:00:00;130.0500000;132.4500000;125.6000000;128.8400000;173336440
GAZP;W;29/07/13;00:00:00;128.7000000;131.6800000;127.4000000;128.4500000;124837960
GAZP;W;05/08/13;00:00:00;128.3700000;129.4200000;124.1400000;128.2400000;122059780
GAZP;W;12/08/13;00:00:00;128.6400000;134.7400000;128.5000000;130.7900000;186056610
GAZP;W;19/08/13;00:00:00;130.8000000;134.8500000;130.0000000;133.1000000;155328660
GAZP;W;26/08/13;00:00:00;133.7700000;134.1200000;129.6100000;131.9000000;115770750
GAZP;W;02/09/13;00:00:00;132.2000000;143.9800000;130.0500000;141.9700000;232660030
GAZP;W;09/09/13;00:00:00;142.5200000;148.7000000;142.1100000;142.3500000;301987730
GAZP;W;16/09/13;00:00:00;143.0500000;149.7000000;143.0400000;147.7100000;288272100
GAZP;W;23/09/13;00:00:00;147.6000000;147.9600000;143.6000000;145.0700000;167650220
GAZP;W;30/09/13;00:00:00;144.0000000;146.0400000;140.9100000;144.8500000;186708480
GAZP;W;07/10/13;00:00:00;143.9900000;154.4700000;142.8000000;153.2200000;300802090
GAZP;W;14/10/13;00:00:00;152.8400000;158.6900000;152.1200000;157.1000000;237784740
GAZP;W;21/10/13;00:00:00;157.5600000;157.6000000;147.9000000;150.0800000;263434370
GAZP;W;28/10/13;00:00:00;151.1100000;152.7000000;148.7500000;150.4400000;195973950
GAZP;W;04/11/13;00:00:00;150.8400000;151.5000000;146.2800000;147.5500000;206866860
GAZP;W;11/11/13;00:00:00;148.3600000;148.7500000;142.3500000;147.1400000;282014300
GAZP;W;18/11/13;00:00:00;147.6100000;150.8000000;147.5000000;149.5900000;215392500
GAZP;W;25/11/13;00:00:00;149.8300000;150.2900000;140.8200000;143.1000000;290337280
GAZP;W;02/12/13;00:00:00;142.9700000;144.0900000;134.8100000;137.4800000;312087050
GAZP;W;09/12/13;00:00:00;137.7500000;138.8500000;132.6900000;133.3800000;267197310
GAZP;W;16/12/13;00:00:00;132.7000000;142.4800000;132.3200000;141.5000000;337745780
GAZP;W;23/12/13;00:00:00;142.2200000;142.3200000;138.9300000;139.0100000;105446500
GAZP;W;30/12/13;00:00:00;138.8000000;139.3900000;138.2800000;138.7500000;20118020
GAZP;W;06/01/14;00:00:00;137.5800000;139.7000000;135.4000000;139.6900000;107092430
GAZP;W;13/01/14;00:00:00;139.7000000;140.9400000;135.6000000;137.2200000;180505020
GAZP;W;20/01/14;00:00:00;137.3500000;149.3900000;136.8200000;146.7200000;390770040
GAZP;W;27/01/14;00:00:00;146.0000000;149.9500000;144.5100000;145.1600000;370119520
GAZP;W;03/02/14;00:00:00;145.4000000;146.8700000;138.8400000;146.4200000;250235830
GAZP;W;10/02/14;00:00:00;146.8700000;149.4800000;145.3300000;148.8400000;231276440
GAZP;W;17/02/14;00:00:00;149.8500000;153.8500000;145.7200000;149.1700000;300785930
GAZP;W;24/02/14;00:00:00;149.2000000;150.0000000;137.0300000;139.2000000;319907550
GAZP;W;03/03/14;00:00:00;134.8800000;134.9000000;116.7900000;124.0100000;668496170
GAZP;W;10/03/14;00:00:00;123.4800000;124.2900000;114.0000000;118.6000000;367824940
GAZP;W;17/03/14;00:00:00;119.9500000;129.1800000;116.0600000;124.7100000;524315960
GAZP;W;24/03/14;00:00:00;124.5800000;134.7300000;122.3000000;132.9500000;396068760
GAZP;W;31/03/14;00:00:00;132.9000000;138.4300000;132.0000000;137.4700000;314940520
GAZP;W;07/04/14;00:00:00;136.0100000;136.1900000;130.1000000;134.0000000;344687480
GAZP;W;14/04/14;00:00:00;133.1200000;134.1900000;126.2500000;133.9000000;330344580
GAZP;W;21/04/14;00:00:00;133.8600000;134.4400000;124.3800000;125.4000000;276059320
GAZP;W;28/04/14;00:00:00;124.4100000;130.2800000;122.7700000;127.0000000;202124210
GAZP;W;05/05/14;00:00:00;126.2900000;137.2000000;125.1500000;135.6300000;237820950
GAZP;W;12/05/14;00:00:00;136.0600000;144.2900000;135.1700000;144.2900000;259743650
GAZP;W;19/05/14;00:00:00;144.5000000;149.1000000;143.3000000;144.3000000;425288050
GAZP;W;26/05/14;00:00:00;145.0100000;147.1000000;140.2400000;141.7000000;220702260
GAZP;W;02/06/14;00:00:00;141.9800000;145.9600000;140.7000000;143.9700000;221246470
GAZP;W;09/06/14;00:00:00;144.0200000;146.4000000;142.6700000;146.4000000;121187720
GAZP;W;16/06/14;00:00:00;143.9200000;147.6900000;142.5800000;145.6000000;232851850
GAZP;W;23/06/14;00:00:00;146.2200000;154.2100000;145.0700000;149.3900000;274757890
GAZP;W;30/06/14;00:00:00;149.8000000;153.6600000;146.5800000;149.1300000;209926310
GAZP;W;07/07/14;00:00:00;149.1000000;153.5300000;146.9100000;148.1500000;223032810
GAZP;W;14/07/14;00:00:00;148.4600000;148.8000000;136.5000000;139.2600000;263987770
GAZP;W;21/07/14;00:00:00;140.1900000;140.4400000;134.2200000;135.1200000;176600010
GAZP;W;28/07/14;00:00:00;134.6000000;135.4100000;130.1000000;131.5000000;197224270
GAZP;W;04/08/14;00:00:00;132.0000000;132.7900000;122.7900000;126.5500000;279705010
GAZP;W;11/08/14;00:00:00;128.0100000;133.4700000;127.2400000;132.6700000;224568180
GAZP;W;18/08/14;00:00:00;132.8200000;137.6900000;132.1100000;135.0000000;162748480
GAZP;W;25/08/14;00:00:00;135.0600000;136.9900000;131.8100000;131.9500000;152072510
GAZP;W;01/09/14;00:00:00;132.7100000;140.1300000;131.0000000;139.0000000;212106990
GAZP;W;08/09/14;00:00:00;138.7800000;140.8200000;136.0000000;137.5600000;147845350
GAZP;W;15/09/14;00:00:00;137.2500000;139.5800000;134.4800000;135.9900000;195182510
GAZP;W;22/09/14;00:00:00;135.7000000;138.9600000;134.6000000;137.1100000;155017170
GAZP;W;29/09/14;00:00:00;138.0000000;139.8600000;133.7000000;135.8000000;198814790
GAZP;W;06/10/14;00:00:00;136.6200000;139.6300000;132.0900000;133.2100000;184758360
GAZP;W;13/10/14;00:00:00;132.9600000;136.9200000;131.9300000;134.6000000;176919300
GAZP;W;20/10/14;00:00:00;135.2000000;136.1800000;131.4200000;133.9900000;149901770
GAZP;W;27/10/14;00:00:00;135.0000000;141.5000000;133.5000000;141.5000000;233817110
GAZP;W;03/11/14;00:00:00;140.9600000;147.0000000;140.2600000;144.5000000;210010440
GAZP;W;10/11/14;00:00:00;145.4500000;146.4600000;141.0000000;142.4900000;173114460
GAZP;W;17/11/14;00:00:00;142.4500000;145.9900000;141.5300000;145.0100000;137688320
GAZP;W;24/11/14;00:00:00;145.7200000;146.0000000;142.0000000;142.8600000;170541580
GAZP;W;01/12/14;00:00:00;142.4000000;147.9500000;140.5000000;140.5000000;252293870
GAZP;W;08/12/14;00:00:00;141.2500000;142.7600000;130.5100000;134.4900000;195264550
GAZP;W;15/12/14;00:00:00;135.2000000;139.9600000;113.7300000;138.7000000;360705310
GAZP;W;22/12/14;00:00:00;138.8500000;140.0000000;132.5100000;134.6000000;121737510
GAZP;W;29/12/14;00:00:00;134.5600000;139.4300000;129.7400000;130.3100000;53130010
GAZP;W;05/01/15;00:00:00;129.6000000;147.5000000;129.1500000;141.7000000;105525040
GAZP;W;12/01/15;00:00:00;141.3700000;150.2000000;139.0000000;149.6000000;161491270
GAZP;W;19/01/15;00:00:00;149.5900000;152.9300000;145.7200000;152.8300000;209121070
GAZP;W;26/01/15;00:00:00;151.9400000;154.4700000;142.1300000;143.8200000;175554120
GAZP;W;02/02/15;00:00:00;144.7200000;152.2000000;137.4300000;151.6000000;230300900
GAZP;W;09/02/15;00:00:00;151.7500000;162.7500000;147.7000000;162.4000000;305772030
GAZP;W;16/02/15;00:00:00;162.4000000;166.9400000;156.3000000;158.0000000;226987780
GAZP;W;23/02/15;00:00:00;154.7900000;155.7500000;149.1000000;152.9500000;155233610
GAZP;W;02/03/15;00:00:00;152.7200000;160.6000000;151.4700000;152.1200000;177757290
GAZP;W;09/03/15;00:00:00;151.3000000;151.7000000;141.1400000;141.8000000;131977020
GAZP;W;16/03/15;00:00:00;141.1100000;142.8900000;134.5100000;136.0000000;186300300
GAZP;W;23/03/15;00:00:00;137.0100000;138.3300000;131.7000000;134.8800000;160109530
GAZP;W;30/03/15;00:00:00;134.4800000;145.6500000;134.2400000;143.9400000;161744090
GAZP;W;06/04/15;00:00:00;144.0400000;151.9000000;143.3600000;148.0000000;215680520
GAZP;W;13/04/15;00:00:00;148.2500000;153.5500000;143.9000000;149.3000000;213578900
GAZP;W;20/04/15;00:00:00;149.9000000;156.2000000;146.6200000;153.8900000;182631530
GAZP;W;27/04/15;00:00:00;153.9600000;155.1800000;149.7000000;153.5000000;108772420
GAZP;W;04/05/15;00:00:00;154.2000000;158.7000000;150.8100000;155.5200000;114893790
GAZP;W;11/05/15;00:00:00;155.4100000;157.0000000;151.0500000;152.9800000;98988000
GAZP;W;18/05/15;00:00:00;153.0200000;154.2800000;144.4500000;148.8000000;108600820
GAZP;W;25/05/15;00:00:00;148.6300000;149.5000000;139.0000000;139.0000000;149399980
GAZP;W;01/06/15;00:00:00;140.1300000;144.0000000;138.2300000;142.4000000;163170270
GAZP;W;08/06/15;00:00:00;142.5800000;147.7000000;141.5000000;145.4000000;94504410
GAZP;W;15/06/15;00:00:00;144.5000000;149.1700000;142.3500000;147.1500000;131311410
GAZP;W;22/06/15;00:00:00;147.4700000;149.3900000;142.6100000;145.1800000;101856090
GAZP;W;29/06/15;00:00:00;143.8000000;146.9500000;142.2500000;144.3300000;85863110
GAZP;W;06/07/15;00:00:00;143.5200000;144.8600000;139.5500000;143.9000000;118985640
GAZP;W;13/07/15;00:00:00;143.6000000;146.5000000;141.0000000;143.6000000;115716810
GAZP;W;20/07/15;00:00:00;143.9600000;144.2000000;135.8500000;136.4100000;121468790
GAZP;W;27/07/15;00:00:00;136.1500000;142.6000000;132.7700000;142.5000000;142923140
GAZP;W;03/08/15;00:00:00;142.0000000;143.9500000;139.9000000;141.3400000;135374940
GAZP;W;10/08/15;00:00:00;141.2500000;145.4500000;138.0000000;144.8000000;151116530
GAZP;W;17/08/15;00:00:00;144.4900000;144.8900000;139.8000000;140.2900000;137053310
GAZP;W;24/08/15;00:00:00;139.0000000;147.3500000;134.1000000;146.6000000;201085710
GAZP;W;31/08/15;00:00:00;145.8900000;148.2000000;142.1700000;142.8000000;151467630
GAZP;W;07/09/15;00:00:00;142.5100000;145.4000000;141.2000000;142.4000000;111329870
GAZP;W;14/09/15;00:00:00;142.2600000;143.8700000;139.1000000;139.5000000;130853840
GAZP;W;21/09/15;00:00:00;140.1100000;140.8400000;131.5000000;133.8500000;175869880
GAZP;W;28/09/15;00:00:00;134.1000000;135.7300000;130.3600000;131.5000000;165513330
GAZP;W;05/10/15;00:00:00;132.4900000;145.3200000;132.2700000;143.8100000;226676930
GAZP;W;12/10/15;00:00:00;143.8800000;144.9900000;138.8100000;141.0000000;138035730
GAZP;W;19/10/15;00:00:00;140.8200000;141.5200000;138.2000000;138.9400000;144303960
GAZP;W;26/10/15;00:00:00;139.1000000;139.9900000;135.1800000;135.7500000;156558320
GAZP;W;02/11/15;00:00:00;135.4600000;142.9400000;135.1200000;137.7500000;133043300
GAZP;W;09/11/15;00:00:00;138.0800000;138.8700000;134.5300000;136.0000000;162581690
GAZP;W;16/11/15;00:00:00;136.4400000;149.9800000;135.6000000;148.0500000;241314150
GAZP;W;23/11/15;00:00:00;147.8300000;152.8400000;140.6200000;140.6500000;207839580
GAZP;W;30/11/15;00:00:00;140.4000000;142.4700000;136.3000000;137.7000000;171828820
GAZP;W;07/12/15;00:00:00;137.7000000;138.5800000;132.5000000;133.8000000;151912890
GAZP;W;14/12/15;00:00:00;133.0200000;138.6900000;130.9000000;132.2500000;170055290
GAZP;W;21/12/15;00:00:00;132.2000000;138.0800000;131.0000000;134.4800000;126640290
GAZP;W;28/12/15;00:00:00;134.3500000;137.5500000;133.7600000;136.0900000;50852270
GAZP;W;04/01/16;00:00:00;135.8900000;137.2800000;134.4200000;135.9400000;37040040
GAZP;W;11/01/16;00:00:00;132.9700000;135.2500000;125.0500000;125.1000000;210201070
GAZP;W;18/01/16;00:00:00;124.8100000;132.9800000;122.7500000;132.4000000;198884600
GAZP;W;25/01/16;00:00:00;133.1400000;137.2000000;130.3400000;136.6000000;166758040
GAZP;W;01/02/16;00:00:00;136.1700000;136.3400000;130.9100000;134.4300000;161148780
GAZP;W;08/02/16;00:00:00;134.2900000;135.1900000;129.3100000;131.3000000;159069110
GAZP;W;15/02/16;00:00:00;132.0200000;138.9000000;132.0200000;136.5900000;168336010
GAZP;W;22/02/16;00:00:00;136.9200000;139.9800000;135.5500000;138.6700000;114932060
GAZP;W;29/02/16;00:00:00;137.8900000;146.1600000;137.5000000;146.1600000;177629980
GAZP;W;07/03/16;00:00:00;146.8700000;150.1500000;143.6000000;144.3000000;142417470
GAZP;W;14/03/16;00:00:00;144.4700000;150.7400000;141.9100000;150.6500000;198541370
GAZP;W;21/03/16;00:00:00;149.5900000;150.6400000;144.4900000;146.0400000;139304520
GAZP;W;28/03/16;00:00:00;146.5400000;149.0900000;142.8600000;147.2000000;143572440
GAZP;W;04/04/16;00:00:00;147.1000000;147.5000000;143.0500000;145.7000000;121344540
GAZP;W;11/04/16;00:00:00;145.7000000;154.9000000;145.1000000;147.9900000;208335760
GAZP;W;18/04/16;00:00:00;145.9900000;164.7600000;143.2800000;161.2000000;344995880
GAZP;W;25/04/16;00:00:00;160.7100000;169.4700000;158.6100000;168.4700000;229081040
GAZP;W;02/05/16;00:00:00;166.3700000;170.4300000;158.2500000;159.2700000;124860170
GAZP;W;09/05/16;00:00:00;158.7300000;162.3400000;156.1500000;159.8500000;105021240
GAZP;W;16/05/16;00:00:00;159.9800000;162.5400000;145.6400000;146.7000000;228571700
GAZP;W;23/05/16;00:00:00;146.2200000;149.8800000;143.8300000;149.8800000;146784780
GAZP;W;30/05/16;00:00:00;149.9700000;150.2900000;142.7000000;143.4100000;142665160
GAZP;W;06/06/16;00:00:00;144.3200000;149.1400000;142.4400000;142.4400000;116775970
GAZP;W;13/06/16;00:00:00;142.3300000;143.1300000;138.4000000;139.3200000;118306740
GAZP;W;20/06/16;00:00:00;141.1400000;144.2000000;136.8700000;141.2500000;128372770
GAZP;W;27/06/16;00:00:00;141.0300000;141.8900000;138.5200000;140.0500000;103881120
GAZP;W;04/07/16;00:00:00;140.6000000;142.3500000;138.8400000;140.2700000;100091370
GAZP;W;11/07/16;00:00:00;140.7000000;147.3700000;140.3300000;147.3700000;139076490
GAZP;W;18/07/16;00:00:00;147.4000000;148.2500000;137.8200000;140.6000000;127766410
GAZP;W;25/07/16;00:00:00;140.6000000;141.9800000;136.5400000;137.3000000;121883490
GAZP;W;01/08/16;00:00:00;137.7100000;138.6900000;133.2000000;135.5000000;120883150
GAZP;W;08/08/16;00:00:00;136.0100000;138.6500000;135.7200000;137.8300000;109765960
GAZP;W;15/08/16;00:00:00;138.0300000;139.3700000;136.2600000;136.8000000;102421410
GAZP;W;22/08/16;00:00:00;136.7700000;137.9000000;134.3200000;136.2000000;82530450
GAZP;W;29/08/16;00:00:00;135.4300000;136.8400000;134.0000000;135.5500000;93596830
GAZP;W;05/09/16;00:00:00;136.0100000;143.8300000;135.7600000;138.5400000;186530730
GAZP;W;12/09/16;00:00:00;137.5000000;139.7200000;134.7300000;136.4700000;117980440
GAZP;W;19/09/16;00:00:00;136.8700000;138.1500000;135.1800000;136.7000000;108885130
GAZP;W;26/09/16;00:00:00;136.3800000;136.8000000;133.5700000;134.9000000;116320630
GAZP;W;03/10/16;00:00:00;135.1200000;136.7500000;134.1000000;136.1000000;100908670
GAZP;W;10/10/16;00:00:00;136.1700000;140.2300000;135.7500000;136.2000000;126679290
GAZP;W;17/10/16;00:00:00;136.0800000;136.4600000;133.9500000;134.9600000;73496400
GAZP;W;24/10/16;00:00:00;135.2000000;136.1400000;134.4000000;135.0000000;64991390
GAZP;W;31/10/16;00:00:00;136.3000000;143.6400000;136.1600000;139.9000000;159942290
GAZP;W;07/11/16;00:00:00;140.5300000;151.3000000;137.5500000;147.8800000;271506840
GAZP;W;14/11/16;00:00:00;148.5700000;149.6700000;145.1400000;146.9600000;139121980
GAZP;W;21/11/16;00:00:00;147.6000000;152.2500000;147.6000000;151.3100000;116053910
GAZP;W;28/11/16;00:00:00;151.1400000;153.7000000;147.3400000;152.3500000;174365840
GAZP;W;05/12/16;00:00:00;152.1800000;154.5500000;150.9200000;152.9900000;152024250
GAZP;W;12/12/16;00:00:00;154.1800000;160.6200000;154.0300000;156.2000000;256450660
GAZP;W;19/12/16;00:00:00;157.1400000;157.7500000;147.2200000;149.0500000;122682060
GAZP;W;26/12/16;00:00:00;149.0000000;154.5500000;148.8000000;154.5500000;64181740
GAZP;W;02/01/17;00:00:00;154.4600000;158.7000000;152.0500000;154.1000000;77975180
GAZP;W;09/01/17;00:00:00;154.2000000;158.5000000;153.3000000;157.9500000;106991820
GAZP;W;16/01/17;00:00:00;157.9800000;158.2000000;147.7000000;149.7000000;134210960
GAZP;W;23/01/17;00:00:00;149.8500000;154.5300000;147.1000000;154.0900000;139047990
GAZP;W;30/01/17;00:00:00;153.6800000;153.9000000;148.1500000;149.3500000;111858050
GAZP;W;06/02/17;00:00:00;149.3800000;149.7000000;140.5000000;140.5000000;193634970
GAZP;W;13/02/17;00:00:00;141.1100000;142.6700000;137.2300000;138.1200000;148378040
GAZP;W;20/02/17;00:00:00;138.5900000;140.1300000;135.6000000;136.7500000;90942830
GAZP;W;27/02/17;00:00:00;137.1500000;137.4800000;130.6400000;134.8000000;243273890
GAZP;W;06/03/17;00:00:00;134.8400000;135.9700000;127.8000000;128.7800000;143450130
GAZP;W;13/03/17;00:00:00;128.7000000;131.3400000;127.2000000;128.9400000;198820220
GAZP;W;20/03/17;00:00:00;129.3400000;132.9400000;128.0200000;130.0500000;164212810
GAZP;W;27/03/17;00:00:00;129.4500000;129.9900000;126.8000000;127.9000000;126082480
GAZP;W;03/04/17;00:00:00;128.0900000;131.2500000;126.8000000;128.7200000;131504740
GAZP;W;10/04/17;00:00:00;128.1000000;128.4000000;122.6300000;122.8500000;147956750
GAZP;W;17/04/17;00:00:00;123.0100000;124.3900000;120.5500000;123.0000000;135009450
GAZP;W;24/04/17;00:00:00;123.5600000;137.7700000;123.3800000;136.7500000;333498580
GAZP;W;01/05/17;00:00:00;137.2500000;138.4300000;132.9100000;134.4100000;125101580
GAZP;W;08/05/17;00:00:00;134.9800000;135.4300000;130.2000000;132.5000000;84200950
GAZP;W;15/05/17;00:00:00;132.7900000;133.9200000;124.0000000;124.1900000;224264820
GAZP;W;22/05/17;00:00:00;124.4900000;124.4900000;120.5400000;122.2000000;153004700
GAZP;W;29/05/17;00:00:00;122.4100000;123.8300000;116.5500000;119.6900000;182735270
GAZP;W;05/06/17;00:00:00;119.5900000;121.4400000;117.8200000;120.5000000;119640140
GAZP;W;12/06/17;00:00:00;120.2900000;120.3800000;111.4600000;116.0200000;239043170
GAZP;W;19/06/17;00:00:00;116.0000000;120.0900000;115.7900000;119.1000000;130056450
GAZP;W;26/06/17;00:00:00;119.5000000;120.8800000;118.0200000;118.4900000;106615060
GAZP;W;03/07/17;00:00:00;119.1700000;123.7500000;118.7500000;123.0000000;131710100
GAZP;W;10/07/17;00:00:00;123.2600000;126.3500000;123.0300000;125.0000000;121453150
GAZP;W;17/07/17;00:00:00;125.3900000;125.7500000;118.1100000;118.9500000;148481950
GAZP;W;24/07/17;00:00:00;118.5400000;119.7000000;115.4100000;116.9000000;129014710
GAZP;W;31/07/17;00:00:00;116.7100000;119.9900000;115.0800000;119.4500000;129554820
GAZP;W;07/08/17;00:00:00;119.3200000;120.3800000;116.3400000;116.9300000;99823150
GAZP;W;14/08/17;00:00:00;117.1800000;117.9900000;115.1500000;116.0000000;88221940
GAZP;W;21/08/17;00:00:00;116.1000000;118.0000000;115.0700000;117.8500000;94878680
GAZP;W;28/08/17;00:00:00;117.7900000;119.2100000;116.5000000;117.4000000;139448700
GAZP;W;04/09/17;00:00:00;117.0300000;120.4500000;115.6600000;120.3400000;145751330
GAZP;W;11/09/17;00:00:00;120.8100000;124.3800000;119.6300000;122.5000000;189948170
GAZP;W;18/09/17;00:00:00;122.5000000;123.3500000;121.0500000;121.9500000;139321770
GAZP;W;25/09/17;00:00:00;121.9800000;124.1900000;121.7000000;122.2000000;116180730
GAZP;W;02/10/17;00:00:00;122.2900000;124.4800000;119.7000000;123.4700000;135576920
GAZP;W;09/10/17;00:00:00;123.7000000;127.3900000;123.4100000;126.8600000;114181840
GAZP;W;16/10/17;00:00:00;127.1100000;127.8000000;125.0500000;126.7000000;125203480
GAZP;W;23/10/17;00:00:00;127.0600000;127.4700000;123.6400000;125.9400000;105048530
GAZP;W;30/10/17;00:00:00;125.9600000;126.9300000;124.8700000;125.9000000;87380000
GAZP;W;06/11/17;00:00:00;127.0600000;133.9400000;127.0500000;132.5000000;202409430
GAZP;W;13/11/17;00:00:00;132.6400000;134.2800000;127.7400000;129.6500000;155065900
GAZP;W;20/11/17;00:00:00;129.8000000;134.1900000;128.6300000;133.5700000;134365790
GAZP;W;27/11/17;00:00:00;133.6100000;135.1900000;131.7200000;133.0200000;146244900
GAZP;W;04/12/17;00:00:00;133.0100000;134.2900000;131.9300000;132.6000000;79326330
GAZP;W;11/12/17;00:00:00;132.3500000;136.4200000;132.3500000;135.5000000;118719890
GAZP;W;18/12/17;00:00:00;135.6400000;136.3500000;130.2000000;132.4200000;127156800
GAZP;W;25/12/17;00:00:00;132.7200000;133.1900000;128.8600000;130.5000000;66938470
GAZP;W;01/01/18;00:00:00;131.0300000;137.1200000;130.6300000;137.1200000;62579470
GAZP;W;08/01/18;00:00:00;138.0000000;144.8000000;137.6000000;143.9900000;179293530
GAZP;W;15/01/18;00:00:00;144.3300000;151.0000000;141.8900000;149.1300000;223961920
GAZP;W;22/01/18;00:00:00;149.0900000;151.6500000;146.0100000;147.1900000;160424570
GAZP;W;29/01/18;00:00:00;146.7700000;147.2900000;141.8000000;144.0000000;208012280
GAZP;W;05/02/18;00:00:00;142.8700000;145.2000000;132.8000000;135.5600000;213494140
GAZP;W;12/02/18;00:00:00;136.8700000;140.9900000;136.0300000;137.0600000;153548460
GAZP;W;19/02/18;00:00:00;137.3600000;145.9700000;137.1300000;145.9700000;131957300
GAZP;W;26/02/18;00:00:00;148.0700000;149.9800000;137.7700000;138.5700000;172224460
GAZP;W;05/03/18;00:00:00;138.8000000;143.4900000;137.3800000;139.8100000;87849410
GAZP;W;12/03/18;00:00:00;140.4400000;142.9300000;137.1100000;141.0000000;148256530
GAZP;W;19/03/18;00:00:00;141.2000000;144.0000000;137.8200000;142.0000000;132888060
GAZP;W;26/03/18;00:00:00;142.0100000;143.3100000;138.2700000;142.3300000;106355900
GAZP;W;02/04/18;00:00:00;142.3900000;143.7000000;139.0200000;141.5000000;102289800
GAZP;W;09/04/18;00:00:00;140.9300000;146.8900000;128.1900000;142.5800000;278682180
GAZP;W;16/04/18;00:00:00;141.0300000;145.7500000;139.8700000;144.4000000;123057310
GAZP;W;23/04/18;00:00:00;144.3000000;146.5200000;141.4100000;144.3000000;129443360
GAZP;W;30/04/18;00:00:00;144.3200000;147.2900000;142.7000000;143.7300000;67006470
GAZP;W;07/05/18;00:00:00;144.5700000;151.1000000;143.1600000;150.7000000;96547890
GAZP;W;14/05/18;00:00:00;151.2700000;151.2700000;145.1900000;145.6500000;141287130
GAZP;W;21/05/18;00:00:00;146.0000000;148.2000000;144.3600000;145.0900000;87444760
GAZP;W;28/05/18;00:00:00;145.4100000;145.7500000;142.5200000;144.0000000;97304340
GAZP;W;04/06/18;00:00:00;144.5300000;147.5000000;143.0500000;144.0800000;80921670
GAZP;W;11/06/18;00:00:00;144.0300000;144.1800000;137.6400000;137.7300000;103520180
GAZP;W;18/06/18;00:00:00;138.0800000;138.5000000;132.8600000;136.7600000;139072030
GAZP;W;25/06/18;00:00:00;136.5800000;141.0100000;136.5500000;141.0100000;98220990
GAZP;W;02/07/18;00:00:00;140.8300000;145.7000000;140.0700000;144.9600000;83224980
GAZP;W;09/07/18;00:00:00;145.7500000;148.3700000;143.5000000;146.8700000;92463430
GAZP;W;16/07/18;00:00:00;146.7900000;148.9800000;136.4200000;136.4700000;116933530
GAZP;W;23/07/18;00:00:00;136.5800000;139.7000000;136.5800000;137.9900000;65160910
GAZP;W;30/07/18;00:00:00;137.5800000;143.7900000;137.1200000;142.3900000;97375450
GAZP;W;06/08/18;00:00:00;142.4300000;146.2000000;140.3200000;144.8000000;112627560
GAZP;W;13/08/18;00:00:00;143.9000000;145.1500000;139.5000000;141.0100000;95433420
GAZP;W;20/08/18;00:00:00;141.9700000;145.0000000;140.1200000;143.6000000;78469450
GAZP;W;27/08/18;00:00:00;143.5100000;150.2000000;143.2500000;149.9500000;101652820
GAZP;W;03/09/18;00:00:00;149.9500000;151.0000000;146.3900000;148.8000000;86056690
GAZP;W;10/09/18;00:00:00;149.0000000;156.0000000;148.1500000;152.1500000;133195690
GAZP;W;17/09/18;00:00:00;151.9900000;159.7900000;151.4100000;158.6400000;204599670
GAZP;W;24/09/18;00:00:00;158.4800000;163.1900000;157.6000000;162.6100000;129236190
GAZP;W;01/10/18;00:00:00;163.4300000;171.9500000;160.9700000;170.5000000;187938820
GAZP;W;08/10/18;00:00:00;171.9900000;176.9500000;160.6000000;167.0000000;186680490
GAZP;W;15/10/18;00:00:00;167.5800000;168.6000000;158.1900000;161.3200000;117754710
GAZP;W;22/10/18;00:00:00;161.5000000;162.5000000;151.2100000;152.5000000;155817140
GAZP;W;29/10/18;00:00:00;152.0000000;155.4700000;149.9000000;153.7100000;91697520
GAZP;W;05/11/18;00:00:00;154.6600000;159.0000000;151.8000000;153.1900000;106412870
GAZP;W;12/11/18;00:00:00;153.3600000;155.2100000;147.5500000;153.1600000;128424610
GAZP;W;19/11/18;00:00:00;153.5000000;155.0000000;150.3000000;151.7900000;82142370
GAZP;W;26/11/18;00:00:00;151.7400000;167.3600000;146.3000000;161.2900000;203323100
GAZP;W;03/12/18;00:00:00;164.2000000;166.6500000;159.0000000;163.0000000;144593380
GAZP;W;10/12/18;00:00:00;161.5000000;162.5000000;153.2500000;155.4000000;104474770
GAZP;W;17/12/18;00:00:00;155.1600000;156.4100000;149.7000000;151.1200000;120010660
GAZP;W;24/12/18;00:00:00;150.6600000;153.8000000;145.0200000;153.5000000;65745780
GAZP;W;31/12/18;00:00:00;154.1300000;159.1500000;154.1100000;159.1500000;28688630
GAZP;W;07/01/19;00:00:00;158.6500000;161.1300000;156.5500000;161.0000000;73587560
GAZP;W;14/01/19;00:00:00;159.8400000;161.5000000;155.6000000;159.2000000;88543090
GAZP;W;21/01/19;00:00:00;159.0200000;162.8200000;156.5700000;162.8200000;100621910
GAZP;W;28/01/19;00:00:00;162.4000000;166.4900000;159.0000000;163.3300000;125417240
GAZP;W;04/02/19;00:00:00;163.3700000;165.4300000;158.1100000;159.8000000;77609830
GAZP;W;11/02/19;00:00:00;160.4300000;164.2800000;155.1500000;159.0400000;118789850
GAZP;W;18/02/19;00:00:00;159.2500000;159.9000000;153.0100000;154.6400000;87265820
GAZP;W;25/02/19;00:00:00;155.0100000;159.5500000;152.8200000;156.7100000;109113860
GAZP;W;04/03/19;00:00:00;156.7500000;156.7600000;151.5800000;151.9000000;74081640
GAZP;W;11/03/19;00:00:00;151.9000000;154.5600000;150.5100000;154.5600000;106754570
GAZP;W;18/03/19;00:00:00;154.1700000;156.7000000;151.8500000;152.2900000;110947210
GAZP;W;25/03/19;00:00:00;151.2200000;152.9100000;148.8300000;149.6100000;110768120
GAZP;W;01/04/19;00:00:00;150.2700000;159.5000000;149.9200000;158.6000000;147514130
GAZP;W;08/04/19;00:00:00;158.8700000;164.9500000;157.9000000;159.1200000;179089610
GAZP;W;15/04/19;00:00:00;160.0000000;165.4000000;157.6200000;162.5700000;97278920
GAZP;W;22/04/19;00:00:00;163.2100000;164.3400000;158.5800000;161.0000000;89117140
GAZP;W;29/04/19;00:00:00;161.2000000;166.9800000;160.6800000;166.3100000;96406690
GAZP;W;06/05/19;00:00:00;164.9800000;166.2700000;162.6200000;163.6100000;68632790
GAZP;W;13/05/19;00:00:00;163.5400000;203.4500000;162.6500000;198.8900000;483566220
GAZP;W;20/05/19;00:00:00;200.2000000;212.1800000;198.3000000;204.5000000;236296900
GAZP;W;27/05/19;00:00:00;204.2500000;216.4500000;200.8400000;215.1000000;252858300
GAZP;W;03/06/19;00:00:00;214.4000000;251.6500000;213.5000000;230.5000000;465698460
GAZP;W;10/06/19;00:00:00;230.9600000;237.6300000;230.4000000;231.5100000;136061990
GAZP;W;17/06/19;00:00:00;231.5500000;235.4200000;228.3000000;229.0900000;188038460
GAZP;W;24/06/19;00:00:00;229.5400000;235.4700000;229.4700000;232.8300000;127313370
GAZP;W;01/07/19;00:00:00;234.1600000;256.4000000;234.1000000;250.8900000;235659040
GAZP;W;08/07/19;00:00:00;250.1100000;252.9300000;244.0000000;245.5000000;169150870
GAZP;W;15/07/19;00:00:00;246.9800000;248.0800000;215.3700000;216.0000000;176748530
GAZP;W;22/07/19;00:00:00;215.9600000;236.0000000;206.0000000;234.2300000;461855360
GAZP;W;29/07/19;00:00:00;234.1200000;239.6400000;227.9100000;227.9100000;229995240
GAZP;W;05/08/19;00:00:00;225.9800000;233.5400000;222.3000000;229.9600000;181330850
GAZP;W;12/08/19;00:00:00;231.0100000;232.9700000;224.0800000;224.7100000;144201680
GAZP;W;19/08/19;00:00:00;226.0000000;233.9800000;223.6500000;229.3500000;129648470
GAZP;W;26/08/19;00:00:00;228.8000000;235.2500000;223.0000000;232.1500000;168788320
GAZP;W;02/09/19;00:00:00;231.9300000;238.1700000;229.9600000;234.4900000;122136740
GAZP;W;09/09/19;00:00:00;235.0100000;235.6200000;230.8000000;232.5000000;114546690
GAZP;W;16/09/19;00:00:00;233.9200000;235.1700000;228.5000000;230.4100000;135908860
GAZP;W;23/09/19;00:00:00;230.5100000;233.7000000;225.7600000;229.0100000;115161770
GAZP;W;30/09/19;00:00:00;229.0300000;229.4600000;220.7900000;221.6600000;126982290
GAZP;W;07/10/19;00:00:00;221.8600000;227.7000000;220.6800000;227.3700000;92430180
GAZP;W;14/10/19;00:00:00;227.3800000;228.9000000;224.0600000;228.0000000;88531710
GAZP;W;21/10/19;00:00:00;228.2400000;247.4000000;227.3100000;246.7100000;188278060
GAZP;W;28/10/19;00:00:00;247.3400000;267.4000000;241.4000000;263.7900000;344016010
GAZP;W;04/11/19;00:00:00;266.0200000;272.6800000;258.9100000;266.0000000;163894910
GAZP;W;11/11/19;00:00:00;265.0000000;265.4500000;244.8000000;248.0100000;408918970
GAZP;W;18/11/19;00:00:00;250.0100000;259.8000000;244.3200000;251.9900000;631044630
GAZP;W;25/11/19;00:00:00;252.1200000;257.5400000;251.3500000;257.5400000;238571040
GAZP;W;02/12/19;00:00:00;258.4500000;263.4000000;244.7700000;247.8300000;311157880
GAZP;W;09/12/19;00:00:00;247.9800000;254.6600000;246.5000000;249.5000000;218831450
GAZP;W;16/12/19;00:00:00;249.9000000;256.5800000;249.2000000;255.5000000;187828320
GAZP;W;23/12/19;00:00:00;251.5000000;257.7100000;251.1100000;257.1100000;107779550
GAZP;W;30/12/19;00:00:00;257.0900000;261.9000000;254.7100000;259.0000000;57800290
GAZP;W;06/01/20;00:00:00;258.9100000;258.9600000;251.2000000;251.9000000;115414100
GAZP;W;13/01/20;00:00:00;252.5000000;256.6000000;247.7500000;255.3900000;198560430
GAZP;W;20/01/20;00:00:00;255.6500000;256.1000000;235.2800000;237.9500000;238305040
GAZP;W;27/01/20;00:00:00;235.0100000;237.5900000;226.5700000;226.7000000;354660190
GAZP;W;03/02/20;00:00:00;223.8100000;236.0000000;223.8000000;229.1100000;252771060
GAZP;W;10/02/20;00:00:00;228.5800000;239.8000000;224.4100000;232.5000000;305441710
GAZP;W;17/02/20;00:00:00;233.4000000;235.7500000;229.8000000;232.0000000;138892210
GAZP;W;24/02/20;00:00:00;227.9900000;230.0600000;200.5700000;202.6500000;366955320
GAZP;W;02/03/20;00:00:00;207.9900000;211.9900000;185.1300000;188.2700000;531416710
GAZP;W;09/03/20;00:00:00;169.4500000;185.8400000;161.0100000;166.1000000;605207250
GAZP;W;16/03/20;00:00:00;163.5600000;184.6900000;158.1700000;176.2600000;591202880
GAZP;W;23/03/20;00:00:00;171.0300000;186.9000000;168.0400000;174.5000000;422091860
GAZP;W;30/03/20;00:00:00;171.9900000;193.8500000;170.5000000;189.7700000;337839090
GAZP;W;06/04/20;00:00:00;192.2500000;196.2600000;188.1000000;192.0000000;279871920
GAZP;W;13/04/20;00:00:00;192.2500000;192.3600000;182.5600000;184.6800000;227804020
GAZP;W;20/04/20;00:00:00;184.1100000;191.5900000;179.0500000;185.7100000;225820040
GAZP;W;27/04/20;00:00:00;186.5300000;196.2000000;185.6900000;190.0000000;195953820
GAZP;W;04/05/20;00:00:00;188.0000000;191.0500000;183.1000000;185.3400000;256963940
GAZP;W;11/05/20;00:00:00;184.8800000;187.2000000;181.6800000;183.8500000;180277360
GAZP;W;18/05/20;00:00:00;185.4000000;199.2600000;185.1400000;194.3500000;326397040
GAZP;W;25/05/20;00:00:00;195.2100000;202.3000000;193.1500000;199.9500000;353738120
GAZP;W;01/06/20;00:00:00;200.2500000;208.1500000;197.1500000;203.0500000;281452800
GAZP;W;08/06/20;00:00:00;204.9500000;206.5000000;195.1500000;196.7400000;165782570
GAZP;W;15/06/20;00:00:00;193.8500000;199.5900000;191.0000000;195.8100000;222836040
GAZP;W;22/06/20;00:00:00;195.3500000;196.3200000;190.5100000;193.0000000;179601430
GAZP;W;29/06/20;00:00:00;192.6700000;198.4800000;192.5800000;197.2000000;158562800
GAZP;W;06/07/20;00:00:00;199.2100000;202.0000000;197.2200000;200.9400000;191714360
GAZP;W;13/07/20;00:00:00;201.6000000;202.3300000;179.8000000;184.6500000;274404760
GAZP;W;20/07/20;00:00:00;184.6700000;189.7700000;183.8800000;185.4500000;157249310
GAZP;W;27/07/20;00:00:00;185.6000000;185.9200000;180.9100000;182.5900000;156182380
GAZP;W;03/08/20;00:00:00;182.5100000;189.9800000;181.7200000;187.2300000;208162560
GAZP;W;10/08/20;00:00:00;187.4900000;194.4400000;186.8300000;192.8300000;179312290
GAZP;W;17/08/20;00:00:00;193.8400000;194.6800000;183.5000000;184.5100000;186387650
GAZP;W;24/08/20;00:00:00;185.3700000;188.0100000;182.4800000;182.9000000;141747940
GAZP;W;31/08/20;00:00:00;183.1200000;186.2900000;178.0000000;179.5500000;251623720
GAZP;W;07/09/20;00:00:00;178.8200000;179.7500000;171.1100000;178.0500000;215690180
GAZP;W;14/09/20;00:00:00;178.4500000;184.8400000;177.5200000;181.5200000;212258180
GAZP;W;21/09/20;00:00:00;181.3600000;181.3600000;169.6000000;173.7700000;255483700
GAZP;W;28/09/20;00:00:00;174.2400000;175.3800000;167.2200000;169.4700000;248270170
GAZP;W;05/10/20;00:00:00;170.1200000;173.4100000;165.7700000;166.9700000;245412360
GAZP;W;12/10/20;00:00:00;167.6600000;169.8000000;163.5600000;163.9800000;190559540
GAZP;W;19/10/20;00:00:00;164.7600000;167.3000000;162.8000000;164.9600000;193913240
GAZP;W;26/10/20;00:00:00;164.4400000;164.9600000;153.7000000;154.2800000;293977230
GAZP;W;02/11/20;00:00:00;153.9600000;165.8400000;151.9000000;164.9200000;265317920
GAZP;W;09/11/20;00:00:00;166.7200000;181.2700000;164.9000000;180.3000000;428429900
GAZP;W;16/11/20;00:00:00;181.0200000;187.6900000;178.8300000;183.2100000;342627760
GAZP;W;23/11/20;00:00:00;183.6400000;189.1000000;182.5600000;185.9000000;248515040
GAZP;W;30/11/20;00:00:00;185.1000000;189.4200000;180.0400000;188.7900000;267112220
GAZP;W;07/12/20;00:00:00;188.2200000;201.6300000;187.8000000;201.5000000;311951670
GAZP;W;14/12/20;00:00:00;203.5000000;215.3800000;197.0500000;212.6900000;556733060
GAZP;W;21/12/20;00:00:00;209.9100000;212.7800000;199.1900000;205.0300000;387788990
GAZP;W;28/12/20;00:00:00;205.5300000;213.3800000;205.1500000;212.9800000;152059540
GAZP;W;04/01/21;00:00:00;212.7100000;226.2400000;210.2200000;225.4900000;252724560
GAZP;W;11/01/21;00:00:00;225.0500000;231.4400000;221.8100000;226.5000000;352687470
GAZP;W;18/01/21;00:00:00;225.5500000;228.8500000;210.5000000;215.4900000;358439060
GAZP;W;25/01/21;00:00:00;216.9000000;222.0000000;212.4700000;212.8300000;297928530
GAZP;W;01/02/21;00:00:00;214.6100000;222.2100000;212.2400000;222.0100000;253223170
GAZP;W;08/02/21;00:00:00;223.0600000;229.4900000;216.7700000;226.7100000;273206060
GAZP;W;15/02/21;00:00:00;228.4900000;233.3500000;221.1000000;226.0000000;299424150
GAZP;W;22/02/21;00:00:00;226.4900000;227.3000000;217.2000000;217.5600000;178662460
GAZP;W;01/03/21;00:00:00;219.3400000;228.4200000;218.2500000;227.0000000;197941860
GAZP;W;08/03/21;00:00:00;227.5100000;235.5000000;226.0500000;233.8000000;190084160
GAZP;W;15/03/21;00:00:00;234.9800000;238.2300000;222.3700000;225.4000000;272288990
GAZP;W;22/03/21;00:00:00;225.1400000;227.6000000;219.8100000;227.3000000;194694160
GAZP;W;29/03/21;00:00:00;226.7900000;231.6700000;223.3200000;228.4000000;145862490
GAZP;W;05/04/21;00:00:00;227.9000000;227.9200000;220.6800000;222.1500000;129948860
GAZP;W;12/04/21;00:00:00;220.9500000;237.4500000;219.6000000;235.1000000;268877700
GAZP;W;19/04/21;00:00:00;234.7400000;234.9000000;227.1400000;232.6200000;214908690
GAZP;W;26/04/21;00:00:00;233.0200000;236.1800000;228.8600000;231.3800000;183083100
GAZP;W;03/05/21;00:00:00;232.2000000;243.9900000;230.9600000;241.7000000;163561540
GAZP;W;10/05/21;00:00:00;242.3500000;250.4000000;239.0500000;249.5500000;215894320
GAZP;W;17/05/21;00:00:00;250.0000000;268.3800000;249.4500000;258.0000000;295963980
GAZP;W;24/05/21;00:00:00;258.6900000;265.9300000;257.1200000;262.0000000;182555870
GAZP;W;31/05/21;00:00:00;261.0000000;276.2200000;259.3000000;274.3000000;214618000
GAZP;W;07/06/21;00:00:00;274.0500000;278.0000000;272.9100000;277.0500000;179409210
GAZP;W;14/06/21;00:00:00;277.6200000;280.4500000;268.6500000;270.0600000;243933810
GAZP;W;21/06/21;00:00:00;269.7700000;279.5600000;268.0900000;277.1900000;170150760
GAZP;W;28/06/21;00:00:00;277.2300000;286.2500000;273.1700000;285.6500000;205315830
GAZP;W;05/07/21;00:00:00;286.0000000;297.4800000;285.7800000;295.2200000;275257310
GAZP;W;12/07/21;00:00:00;295.5300000;298.4800000;278.0000000;279.6500000;214708040
GAZP;W;19/07/21;00:00:00;277.2600000;285.0900000;273.1000000;279.5100000;193088780
GAZP;W;26/07/21;00:00:00;277.3700000;287.7500000;276.7000000;287.3500000;176419240
GAZP;W;02/08/21;00:00:00;287.8800000;289.4800000;277.8700000;282.2700000;226817990
GAZP;W;09/08/21;00:00:00;282.2300000;293.9000000;280.8000000;292.7000000;194913650
GAZP;W;16/08/21;00:00:00;291.4700000;299.9500000;289.5000000;292.5700000;212793300
GAZP;W;23/08/21;00:00:00;294.7000000;301.0000000;293.0400000;299.6600000;176938860
GAZP;W;30/08/21;00:00:00;301.6600000;317.9600000;299.9700000;317.9400000;330565410
GAZP;W;06/09/21;00:00:00;319.0000000;333.0000000;318.6000000;326.4300000;292558790
GAZP;W;13/09/21;00:00:00;327.5200000;344.2000000;327.3000000;334.5000000;417475130
GAZP;W;20/09/21;00:00:00;329.9700000;345.2000000;321.2600000;344.2900000;314728060
GAZP;W;27/09/21;00:00:00;347.5200000;364.5300000;347.0000000;363.2500000;352339620
GAZP;W;04/10/21;00:00:00;364.6700000;397.6400000;361.6100000;366.1700000;683446800
GAZP;W;11/10/21;00:00:00;369.0000000;372.6100000;352.7100000;367.7600000;332177000
GAZP;W;18/10/21;00:00:00;365.0100000;370.7500000;357.4800000;358.1200000;228217690
GAZP;W;25/10/21;00:00:00;359.9900000;369.3300000;345.4000000;350.1800000;300900070
GAZP;W;01/11/21;00:00:00;350.3000000;360.0000000;346.6200000;350.6000000;152723460
GAZP;W;08/11/21;00:00:00;353.0000000;356.3400000;331.0000000;333.6000000;273579390
GAZP;W;15/11/21;00:00:00;333.8100000;359.3200000;331.6100000;337.6200000;405738720
GAZP;W;22/11/21;00:00:00;334.9900000;348.0000000;310.6200000;326.0000000;547530350
GAZP;W;29/11/21;00:00:00;335.0000000;353.1300000;331.5000000;345.9900000;449324860
GAZP;W;06/12/21;00:00:00;347.2700000;349.3600000;329.9800000;332.0000000;330802450
GAZP;W;13/12/21;00:00:00;333.0900000;334.8800000;289.7800000;327.3000000;556562500
GAZP;W;20/12/21;00:00:00;324.0000000;349.5900000;316.1100000;338.7900000;358801210
GAZP;W;27/12/21;00:00:00;339.6800000;346.6000000;337.1300000;342.3900000;148633030
GAZP;W;03/01/22;00:00:00;345.0100000;358.1000000;330.1100000;346.1300000;248293400
GAZP;W;10/01/22;00:00:00;348.3300000;351.0000000;321.5100000;335.7600000;385256490
GAZP;W;17/01/22;00:00:00;335.9100000;338.9500000;282.7200000;311.6000000;786322480
GAZP;W;24/01/22;00:00:00;310.7800000;334.9000000;280.6000000;329.5800000;836737020
GAZP;W;31/01/22;00:00:00;330.9200000;336.6300000;320.8800000;324.6000000;338893270
GAZP;W;07/02/22;00:00:00;324.5300000;336.0000000;316.2000000;318.1000000;360190810
GAZP;W;14/02/22;00:00:00;314.1000000;339.9800000;303.2500000;309.4800000;522809640
GAZP;W;21/02/22;00:00:00;309.4700000;318.9000000;126.5300000;228.0000000;1363593730
GAZP;W;21/03/22;00:00:00;251.4100000;278.9000000;225.6000000;227.0000000;145767610
GAZP;W;28/03/22;00:00:00;225.2500000;258.7000000;206.0000000;251.4000000;237835220
GAZP;W;04/04/22;00:00:00;254.0400000;259.9900000;231.4500000;241.0700000;138474900
GAZP;W;11/04/22;00:00:00;241.9000000;242.7800000;215.7400000;224.0000000;96756810
GAZP;W;18/04/22;00:00:00;224.2900000;229.8400000;207.0000000;208.0000000;132833040
GAZP;W;25/04/22;00:00:00;209.9500000;249.0000000;201.1200000;240.4000000;225754680
GAZP;W;02/05/22;00:00:00;241.0100000;244.3900000;233.1200000;240.1000000;53669820
GAZP;W;09/05/22;00:00:00;239.7700000;243.3500000;227.2200000;235.5200000;58167290
GAZP;W;16/05/22;00:00:00;234.9900000;269.7800000;233.1100000;263.0000000;191586670
GAZP;W;23/05/22;00:00:00;265.4400000;305.0000000;245.0000000;294.5000000;319991290
GAZP;W;30/05/22;00:00:00;298.6400000;302.0000000;290.2500000;297.0000000;108155670
GAZP;W;06/06/22;00:00:00;298.0000000;310.9800000;294.5200000;309.2000000;117310240
GAZP;W;13/06/22;00:00:00;308.9800000;322.9900000;307.0000000;315.5000000;117632420
GAZP;W;20/06/22;00:00:00;316.0700000;318.0000000;291.1000000;296.0000000;202829430
GAZP;W;27/06/22;00:00:00;296.0000000;310.8200000;186.2000000;192.5000000;517680340
GAZP;W;04/07/22;00:00:00;191.9800000;205.7800000;181.2000000;198.0000000;313417400
GAZP;W;11/07/22;00:00:00;198.0100000;199.4300000;183.1100000;187.6100000;178135280
GAZP;W;18/07/22;00:00:00;188.9100000;195.8000000;184.6000000;192.2500000;129042790
GAZP;W;25/07/22;00:00:00;192.6100000;198.7900000;190.5600000;195.2600000;106303330
GAZP;W;01/08/22;00:00:00;194.5000000;194.6900000;175.7500000;176.5800000;111691530
GAZP;W;08/08/22;00:00:00;180.0000000;182.3300000;172.2900000;174.3600000;124432500
GAZP;W;15/08/22;00:00:00;174.0600000;182.4900000;172.4000000;177.6000000;100852490
GAZP;W;22/08/22;00:00:00;177.4000000;186.6600000;176.8800000;183.6200000;95036980
GAZP;W;29/08/22;00:00:00;183.1400000;275.9600000;182.6500000;252.8000000;503097240
GAZP;W;05/09/22;00:00:00;251.0000000;252.1100000;237.8400000;245.3400000;179215770
GAZP;W;12/09/22;00:00:00;243.9800000;248.2000000;240.0000000;243.8000000;132078840
GAZP;W;19/09/22;00:00:00;243.2000000;245.9100000;192.0000000;224.8400000;521539670
GAZP;W;26/09/22;00:00:00;219.8700000;238.7200000;189.4200000;217.7000000;583467750
GAZP;W;03/10/22;00:00:00;219.0000000;220.5500000;195.0100000;195.1500000;306554870
GAZP;W;10/10/22;00:00:00;164.9800000;166.0000000;137.1000000;159.6000000;203420500
GAZP;W;17/10/22;00:00:00;159.9500000;169.9600000;157.4000000;166.9900000;120913020
GAZP;W;24/10/22;00:00:00;167.9000000;174.6900000;164.2200000;170.7300000;160912520
GAZP;W;31/10/22;00:00:00;170.7400000;171.5000000;166.6800000;169.1400000;69297750
GAZP;W;07/11/22;00:00:00;171.0200000;172.0000000;166.1500000;169.0100000;101220120
