<TICKER>,<PER>,<DATE>,<TIME>,<OPEN>,<HIGH>,<LOW>,<CLOSE>,<VOL>
LKOH,W,15/11/10,00:00:00,1739.0000000,1763.0000000,1710.0000000,1745.6400000,6729319
LKOH,W,22/11/10,00:00:00,1748.9100000,1760.2300000,1691.0000000,1713.3500000,7976559
LKOH,W,29/11/10,00:00:00,1717.5700000,1835.0700000,1680.0100000,1812.0000000,12680153
LKOH,W,06/12/10,00:00:00,1816.0000000,1874.0000000,1747.0000000,1770.0000000,13035979
LKOH,W,13/12/10,00:00:00,1776.9300000,1787.0000000,1728.0000000,1761.9000000,9012938
LKOH,W,20/12/10,00:00:00,1761.0000000,1768.5000000,1736.0100000,1752.0000000,5569947
LKOH,W,27/12/10,00:00:00,1750.1800000,1753.5300000,1729.1000000,1742.0000000,2685113
LKOH,W,10/01/11,00:00:00,1753.8400000,1916.7600000,1753.5600000,1893.0000000,11630914
LKOH,W,17/01/11,00:00:00,1894.0000000,1947.0000000,1875.1600000,1931.0000000,10888861
LKOH,W,24/01/11,00:00:00,1932.1200000,1932.9900000,1844.0000000,1849.0500000,10900287
LKOH,W,31/01/11,00:00:00,1840.0000000,1981.5700000,1813.8800000,1965.0000000,13388130
LKOH,W,07/02/11,00:00:00,1969.1900000,1980.9800000,1880.1900000,1932.8600000,9619719
LKOH,W,14/02/11,00:00:00,1941.0000000,1943.7000000,1884.0000000,1923.1700000,6703062
LKOH,W,21/02/11,00:00:00,1925.0000000,2019.1800000,1916.0000000,2006.0100000,9998532
LKOH,W,28/02/11,00:00:00,2003.2200000,2068.7000000,1991.2300000,2065.5000000,10372779
LKOH,W,07/03/11,00:00:00,2074.9000000,2090.0000000,1970.2000000,1991.5000000,7389621
LKOH,W,14/03/11,00:00:00,1980.2000000,2023.0000000,1921.9000000,2012.0000000,13888952
LKOH,W,21/03/11,00:00:00,2027.0000000,2051.0000000,1958.6000000,2046.3000000,10475095
LKOH,W,28/03/11,00:00:00,2043.9000000,2065.8000000,1976.7000000,2057.0000000,10062959
LKOH,W,04/04/11,00:00:00,2062.7000000,2084.1000000,2027.2000000,2047.1000000,10964314
LKOH,W,11/04/11,00:00:00,2048.1000000,2054.9000000,1938.1000000,1965.0000000,9102812
LKOH,W,18/04/11,00:00:00,1961.3000000,1990.0000000,1883.1000000,1954.1000000,8394084
LKOH,W,25/04/11,00:00:00,1960.9000000,1984.3000000,1883.0000000,1895.1000000,7677379
LKOH,W,02/05/11,00:00:00,1891.0000000,1909.9000000,1773.6000000,1863.5000000,8731347
LKOH,W,09/05/11,00:00:00,1820.9000000,1850.0000000,1715.0000000,1733.4000000,10259152
LKOH,W,16/05/11,00:00:00,1716.2000000,1768.7000000,1697.1000000,1711.2000000,9311188
LKOH,W,23/05/11,00:00:00,1695.0000000,1766.3000000,1680.0000000,1757.4000000,8889176
LKOH,W,30/05/11,00:00:00,1757.4000000,1899.0000000,1743.2000000,1744.5000000,10898593
LKOH,W,06/06/11,00:00:00,1748.0000000,1809.0000000,1723.3000000,1785.1000000,9634710
LKOH,W,13/06/11,00:00:00,1793.3000000,1799.6000000,1738.1000000,1740.0000000,7340675
LKOH,W,20/06/11,00:00:00,1734.0000000,1767.6000000,1711.5000000,1745.9000000,7521764
LKOH,W,27/06/11,00:00:00,1735.0000000,1800.9000000,1720.0000000,1793.0000000,7619535
LKOH,W,04/07/11,00:00:00,1799.9000000,1860.0000000,1781.0000000,1827.1000000,7031747
LKOH,W,11/07/11,00:00:00,1823.0000000,1848.8000000,1785.1000000,1838.1000000,8996067
LKOH,W,18/07/11,00:00:00,1838.1000000,1880.0000000,1805.0000000,1875.0000000,7910385
LKOH,W,25/07/11,00:00:00,1861.0000000,1888.0000000,1825.0000000,1848.0000000,6556549
LKOH,W,01/08/11,00:00:00,1872.0000000,1887.5000000,1675.0000000,1710.1000000,12249073
LKOH,W,08/08/11,00:00:00,1665.1000000,1712.5000000,1505.1000000,1619.7000000,19692685
LKOH,W,15/08/11,00:00:00,1639.7000000,1667.9000000,1568.0000000,1630.0000000,11819651
LKOH,W,22/08/11,00:00:00,1609.8000000,1704.0000000,1600.2000000,1680.0000000,10852605
LKOH,W,29/08/11,00:00:00,1697.0000000,1749.0000000,1696.4000000,1706.5000000,10405577
LKOH,W,05/09/11,00:00:00,1694.8000000,1776.5000000,1685.0000000,1727.0000000,10249575
LKOH,W,12/09/11,00:00:00,1698.2000000,1782.4000000,1681.3000000,1725.3000000,13824468
LKOH,W,19/09/11,00:00:00,1715.0000000,1781.4000000,1500.1000000,1537.1000000,16914103
LKOH,W,26/09/11,00:00:00,1509.9000000,1672.0000000,1500.0000000,1637.6000000,15661439
LKOH,W,03/10/11,00:00:00,1605.9000000,1647.8000000,1517.0000000,1618.7000000,14410867
LKOH,W,10/10/11,00:00:00,1630.0000000,1712.2000000,1605.0000000,1712.0000000,12084432
LKOH,W,17/10/11,00:00:00,1720.6000000,1746.9000000,1649.7000000,1746.0000000,12573247
LKOH,W,24/10/11,00:00:00,1750.0000000,1804.0000000,1734.2000000,1761.0000000,12819035
LKOH,W,31/10/11,00:00:00,1747.5000000,1771.7000000,1717.5000000,1766.0000000,9155000
LKOH,W,07/11/11,00:00:00,1771.0000000,1818.5000000,1726.3000000,1735.3000000,12898631
LKOH,W,14/11/11,00:00:00,1753.9000000,1762.0000000,1696.1000000,1713.9000000,11440774
LKOH,W,21/11/11,00:00:00,1700.5000000,1701.7000000,1585.1000000,1644.8000000,10353531
LKOH,W,28/11/11,00:00:00,1665.1000000,1749.0000000,1650.9000000,1705.0000000,12077803
LKOH,W,05/12/11,00:00:00,1713.3000000,1737.0000000,1593.1000000,1615.0000000,12712675
LKOH,W,12/12/11,00:00:00,1623.9000000,1648.0000000,1569.7000000,1602.7000000,12770026
LKOH,W,19/12/11,00:00:00,1601.3000000,1667.0000000,1591.6000000,1641.1000000,7740956
LKOH,W,26/12/11,00:00:00,1648.0000000,1710.0000000,1632.0000000,1701.0000000,4767728
LKOH,W,02/01/12,00:00:00,1712.0000000,1747.0000000,1711.0000000,1738.4000000,3346909
LKOH,W,09/01/12,00:00:00,1735.0000000,1797.0000000,1726.0000000,1751.2000000,6736221
LKOH,W,16/01/12,00:00:00,1744.0000000,1824.7000000,1730.6000000,1806.0000000,7036565
LKOH,W,23/01/12,00:00:00,1806.2000000,1815.8000000,1761.3000000,1765.0000000,8169728
LKOH,W,30/01/12,00:00:00,1758.9000000,1815.2000000,1756.5000000,1814.9000000,8367667
LKOH,W,06/02/12,00:00:00,1812.9000000,1830.0000000,1788.4000000,1810.6000000,8221864
LKOH,W,13/02/12,00:00:00,1820.1000000,1888.0000000,1817.8000000,1875.1000000,7913787
LKOH,W,20/02/12,00:00:00,1881.2000000,1894.2000000,1775.3000000,1872.1000000,9945411
LKOH,W,27/02/12,00:00:00,1866.0000000,1898.7000000,1828.0000000,1892.0000000,11072840
LKOH,W,05/03/12,00:00:00,1894.9000000,1922.9000000,1825.5000000,1883.1000000,6134034
LKOH,W,12/03/12,00:00:00,1873.9000000,1943.6000000,1862.8000000,1898.2000000,12499703
LKOH,W,19/03/12,00:00:00,1914.4000000,1914.7000000,1794.4000000,1834.7000000,9540131
LKOH,W,26/03/12,00:00:00,1836.2000000,1866.4000000,1760.0000000,1781.4000000,9886569
LKOH,W,02/04/12,00:00:00,1791.0000000,1829.0000000,1759.6000000,1771.0000000,9392623
LKOH,W,09/04/12,00:00:00,1769.0000000,1835.0000000,1751.3000000,1811.0000000,11004772
LKOH,W,16/04/12,00:00:00,1803.1000000,1824.0000000,1770.5000000,1812.7000000,10714054
LKOH,W,23/04/12,00:00:00,1806.8000000,1807.0000000,1750.2000000,1794.3000000,8115038
LKOH,W,30/04/12,00:00:00,1801.5000000,1819.5000000,1710.0000000,1712.2000000,4892564
LKOH,W,07/05/12,00:00:00,1699.9000000,1767.8000000,1661.7000000,1687.0000000,6851490
LKOH,W,14/05/12,00:00:00,1683.8000000,1689.7000000,1546.5000000,1593.7000000,10464645
LKOH,W,21/05/12,00:00:00,1602.0000000,1657.0000000,1581.0000000,1639.4000000,8605773
LKOH,W,28/05/12,00:00:00,1647.0000000,1753.9000000,1646.0000000,1741.9000000,10047393
LKOH,W,04/06/12,00:00:00,1729.5000000,1758.5000000,1689.2000000,1710.2000000,13150313
LKOH,W,11/06/12,00:00:00,1715.0000000,1743.0000000,1698.0000000,1737.0000000,6139058
LKOH,W,18/06/12,00:00:00,1748.0000000,1765.0000000,1713.2000000,1715.0000000,8712451
LKOH,W,25/06/12,00:00:00,1718.3000000,1805.0000000,1701.4000000,1801.7000000,7730460
LKOH,W,02/07/12,00:00:00,1803.7000000,1856.8000000,1795.8000000,1825.4000000,7362188
LKOH,W,09/07/12,00:00:00,1825.6000000,1849.8000000,1774.0000000,1818.0000000,6397062
LKOH,W,16/07/12,00:00:00,1818.1000000,1860.0000000,1802.0000000,1804.9000000,6017618
LKOH,W,23/07/12,00:00:00,1798.6000000,1818.2000000,1763.7000000,1816.6000000,7518296
LKOH,W,30/07/12,00:00:00,1819.5000000,1860.0000000,1808.0000000,1831.5000000,6497814
LKOH,W,06/08/12,00:00:00,1831.5000000,1884.5000000,1816.6000000,1859.3000000,6052838
LKOH,W,13/08/12,00:00:00,1867.0000000,1898.3000000,1852.4000000,1871.9000000,5345726
LKOH,W,20/08/12,00:00:00,1875.1000000,1897.3000000,1845.5000000,1885.0000000,5905315
LKOH,W,27/08/12,00:00:00,1887.5000000,1892.0000000,1829.0000000,1837.4000000,6677481
LKOH,W,03/09/12,00:00:00,1837.4000000,1929.7000000,1831.0000000,1926.0000000,6076848
LKOH,W,10/09/12,00:00:00,1920.0000000,2023.9000000,1916.1000000,2011.2000000,6878774
LKOH,W,17/09/12,00:00:00,2002.1000000,2045.9000000,1943.1000000,1943.5000000,8310611
LKOH,W,24/09/12,00:00:00,1942.2000000,1962.3000000,1891.8000000,1922.3000000,5346663
LKOH,W,01/10/12,00:00:00,1918.6000000,1973.7000000,1911.2000000,1935.2000000,5205597
LKOH,W,08/10/12,00:00:00,1929.1000000,1961.3000000,1916.6000000,1923.0000000,4669358
LKOH,W,15/10/12,00:00:00,1923.0000000,1992.7000000,1920.2000000,1970.2000000,6073361
LKOH,W,22/10/12,00:00:00,1966.0000000,1986.0000000,1874.8000000,1880.3000000,7094837
LKOH,W,29/10/12,00:00:00,1880.1000000,1949.3000000,1865.2000000,1944.0000000,4498883
LKOH,W,05/11/12,00:00:00,1943.0000000,1964.9000000,1905.8000000,1918.7000000,4835504
LKOH,W,12/11/12,00:00:00,1917.7000000,1930.0000000,1837.6000000,1885.5000000,5718775
LKOH,W,19/11/12,00:00:00,1897.0000000,1928.0000000,1888.6000000,1923.7000000,4032724
LKOH,W,26/11/12,00:00:00,1924.0000000,1945.6000000,1887.2000000,1939.4000000,5146588
LKOH,W,03/12/12,00:00:00,1940.2000000,1995.5000000,1928.2000000,1993.7000000,4627678
LKOH,W,10/12/12,00:00:00,1995.5000000,2030.3000000,1971.8000000,2003.6000000,6218257
LKOH,W,17/12/12,00:00:00,2005.0000000,2040.0000000,1990.0000000,2025.0000000,5619083
LKOH,W,24/12/12,00:00:00,2020.0000000,2025.0000000,1996.2000000,2000.2000000,4495436
LKOH,W,07/01/13,00:00:00,2020.9000000,2038.9000000,1997.2000000,2006.1000000,3437078
LKOH,W,14/01/13,00:00:00,2011.8000000,2022.0000000,1990.5000000,2017.0000000,4025704
LKOH,W,21/01/13,00:00:00,2017.0000000,2019.8000000,1958.6000000,2018.8000000,3859639
LKOH,W,28/01/13,00:00:00,2019.0000000,2026.3000000,1986.6000000,2014.5000000,4187151
LKOH,W,04/02/13,00:00:00,2018.8000000,2022.9000000,1977.5000000,1991.2000000,3470418
LKOH,W,11/02/13,00:00:00,1995.0000000,2026.9000000,1987.0000000,1999.6000000,4120120
LKOH,W,18/02/13,00:00:00,2000.0000000,2003.2000000,1945.0000000,1980.0000000,3332109
LKOH,W,25/02/13,00:00:00,1980.1000000,1993.5000000,1941.9000000,1958.6000000,3698192
LKOH,W,04/03/13,00:00:00,1956.0000000,2027.7000000,1953.5000000,2010.0000000,3463284
LKOH,W,11/03/13,00:00:00,2028.1000000,2063.5000000,1983.8000000,1994.0000000,5830847
LKOH,W,18/03/13,00:00:00,1974.0000000,1984.0000000,1933.6000000,1943.0000000,5328719
LKOH,W,25/03/13,00:00:00,1947.8000000,2004.0000000,1916.7000000,1998.5000000,4004700
LKOH,W,01/04/13,00:00:00,1980.1000000,2001.7000000,1933.6000000,1935.6000000,3679156
LKOH,W,08/04/13,00:00:00,1940.1000000,1969.2000000,1906.5000000,1929.4000000,3995671
LKOH,W,15/04/13,00:00:00,1910.0000000,1932.0000000,1856.0000000,1882.0000000,4068920
LKOH,W,22/04/13,00:00:00,1889.0000000,1977.7000000,1846.7000000,1950.0000000,4940237
LKOH,W,29/04/13,00:00:00,1964.5000000,2006.0000000,1926.0000000,2006.0000000,2149764
LKOH,W,06/05/13,00:00:00,2006.2000000,2061.8000000,2001.7000000,2039.7000000,3349597
LKOH,W,13/05/13,00:00:00,2039.7000000,2055.5000000,1993.7000000,2025.3000000,3624136
LKOH,W,20/05/13,00:00:00,2025.3000000,2088.4000000,1998.0000000,2009.0000000,4413244
LKOH,W,27/05/13,00:00:00,2020.0000000,2025.0000000,1871.1000000,1878.0000000,5730503
LKOH,W,03/06/13,00:00:00,1873.0000000,1941.9000000,1851.1000000,1918.0000000,5986099
LKOH,W,10/06/13,00:00:00,1914.4000000,1944.6000000,1822.0000000,1859.0000000,5122844
LKOH,W,17/06/13,00:00:00,1859.0000000,1904.3000000,1792.6000000,1798.3000000,6555415
LKOH,W,24/06/13,00:00:00,1796.0000000,1894.9000000,1781.3000000,1890.4000000,6158425
LKOH,W,01/07/13,00:00:00,1889.0000000,1947.0000000,1881.3000000,1914.8000000,3239581
LKOH,W,08/07/13,00:00:00,1918.7000000,1994.0000000,1886.0000000,1989.2000000,4096870
LKOH,W,15/07/13,00:00:00,1990.5000000,2020.0000000,1971.8000000,2019.6000000,4990470
LKOH,W,22/07/13,00:00:00,2020.0000000,2029.8000000,1976.5000000,1987.0000000,3410225
LKOH,W,29/07/13,00:00:00,1990.0000000,1998.9000000,1948.2000000,1957.1000000,3688314
LKOH,W,05/08/13,00:00:00,1960.3000000,1969.9000000,1891.6000000,1922.0000000,4818039
LKOH,W,12/08/13,00:00:00,1925.0000000,1988.1000000,1900.1000000,1917.5000000,5479331
LKOH,W,19/08/13,00:00:00,1919.7000000,1968.2000000,1883.5000000,1946.0000000,4417469
LKOH,W,26/08/13,00:00:00,1954.0000000,1974.3000000,1918.3000000,1924.5000000,3892846
LKOH,W,02/09/13,00:00:00,1931.2000000,2043.0000000,1922.0000000,2000.2000000,4403620
LKOH,W,09/09/13,00:00:00,2008.0000000,2044.4000000,1991.1000000,2006.6000000,5658229
LKOH,W,16/09/13,00:00:00,2014.3000000,2069.8000000,2010.0000000,2025.0000000,7092866
LKOH,W,23/09/13,00:00:00,2027.0000000,2089.2000000,2026.2000000,2083.0000000,5963653
LKOH,W,30/09/13,00:00:00,2069.0000000,2085.0000000,2021.5000000,2055.0000000,4203217
LKOH,W,07/10/13,00:00:00,2046.9000000,2140.0000000,2040.5000000,2119.0000000,6452119
LKOH,W,14/10/13,00:00:00,2110.0000000,2137.0000000,2084.0000000,2122.1000000,4349797
LKOH,W,21/10/13,00:00:00,2122.1000000,2126.3000000,2060.0000000,2094.0000000,3740036
LKOH,W,28/10/13,00:00:00,2094.9000000,2122.0000000,2072.1000000,2112.0000000,3873587
LKOH,W,04/11/13,00:00:00,2115.1000000,2120.9000000,2060.2000000,2064.1000000,4038627
LKOH,W,11/11/13,00:00:00,2070.0000000,2095.0000000,2046.0000000,2071.0000000,4924303
LKOH,W,18/11/13,00:00:00,2076.0000000,2102.5000000,2057.3000000,2084.3000000,4119630
LKOH,W,25/11/13,00:00:00,2081.3000000,2092.2000000,2034.8000000,2042.8000000,6115557
LKOH,W,02/12/13,00:00:00,2041.1000000,2056.3000000,1953.0000000,1970.0000000,8019328
LKOH,W,09/12/13,00:00:00,1977.0000000,2014.0000000,1962.3000000,1998.3000000,6780495
LKOH,W,16/12/13,00:00:00,1991.5000000,2047.5000000,1988.0000000,2033.0000000,5717362
LKOH,W,23/12/13,00:00:00,2035.1000000,2043.3000000,2002.1000000,2007.3000000,2587865
LKOH,W,30/12/13,00:00:00,2007.0000000,2040.0000000,2003.9000000,2039.7000000,446198
LKOH,W,06/01/14,00:00:00,2017.9000000,2023.0000000,1952.3000000,1991.6000000,3748468
LKOH,W,13/01/14,00:00:00,1986.3000000,2016.5000000,1965.3000000,1978.4000000,5260525
LKOH,W,20/01/14,00:00:00,1980.0000000,2015.9000000,1954.0000000,1956.9000000,6264697
LKOH,W,27/01/14,00:00:00,1950.0000000,2009.0000000,1946.0000000,1989.0000000,8729462
LKOH,W,03/02/14,00:00:00,1994.0000000,2007.5000000,1957.2000000,1975.1000000,5339899
LKOH,W,10/02/14,00:00:00,1977.8000000,2043.7000000,1973.4000000,2039.3000000,5085847
LKOH,W,17/02/14,00:00:00,2039.9000000,2067.6000000,1997.7000000,2030.9000000,7813166
LKOH,W,24/02/14,00:00:00,2030.6000000,2037.8000000,1962.9000000,1963.0000000,6364988
LKOH,W,03/03/14,00:00:00,1932.0000000,1970.3000000,1715.0000000,1959.5000000,16806591
LKOH,W,10/03/14,00:00:00,1949.0000000,1968.9000000,1762.6000000,1882.0000000,10100304
LKOH,W,17/03/14,00:00:00,1885.9000000,1936.9000000,1821.0000000,1910.0000000,12769115
LKOH,W,24/03/14,00:00:00,1905.0000000,1945.0000000,1853.6000000,1906.0000000,6337108
LKOH,W,31/03/14,00:00:00,1919.4000000,1982.0000000,1900.0000000,1966.0000000,5463183
LKOH,W,07/04/14,00:00:00,1949.1000000,1954.8000000,1883.2000000,1898.1000000,7647826
LKOH,W,14/04/14,00:00:00,1894.5000000,1923.0000000,1833.0000000,1899.9000000,5354604
LKOH,W,21/04/14,00:00:00,1904.7000000,1923.0000000,1828.2000000,1838.0000000,5265754
LKOH,W,28/04/14,00:00:00,1830.0000000,1899.9000000,1815.6000000,1884.1000000,3433371
LKOH,W,05/05/14,00:00:00,1874.0000000,1956.4000000,1850.5000000,1942.8000000,4323454
LKOH,W,12/05/14,00:00:00,1944.7000000,1967.0000000,1881.0000000,1919.0000000,5490408
LKOH,W,19/05/14,00:00:00,1919.0000000,2005.3000000,1914.6000000,1957.0000000,6239563
LKOH,W,26/05/14,00:00:00,1961.0000000,1989.9000000,1922.3000000,1968.0000000,5133570
LKOH,W,02/06/14,00:00:00,1978.0000000,2059.9000000,1977.1000000,2030.6000000,5232089
LKOH,W,09/06/14,00:00:00,2031.0000000,2097.9000000,2017.6000000,2097.9000000,2811501
LKOH,W,16/06/14,00:00:00,2092.0000000,2163.8000000,2067.3000000,2100.0000000,8550479
LKOH,W,23/06/14,00:00:00,2105.0000000,2113.4000000,2007.0000000,2021.0000000,5974712
LKOH,W,30/06/14,00:00:00,2022.0000000,2114.3000000,2012.0000000,2062.9000000,4194945
LKOH,W,07/07/14,00:00:00,2062.0000000,2143.0000000,2055.9000000,2105.0000000,5577001
LKOH,W,14/07/14,00:00:00,2055.0000000,2073.1000000,1963.0000000,1990.0000000,7829502
LKOH,W,21/07/14,00:00:00,1989.8000000,2005.0000000,1936.2000000,1976.7000000,5563252
LKOH,W,28/07/14,00:00:00,1968.8000000,2040.0000000,1948.0000000,1995.3000000,5073077
LKOH,W,04/08/14,00:00:00,2002.0000000,2009.9000000,1911.5000000,1928.3000000,4903319
LKOH,W,11/08/14,00:00:00,1961.0000000,2026.2000000,1941.1000000,2011.1000000,4969165
LKOH,W,18/08/14,00:00:00,2013.4000000,2108.7000000,2009.1000000,2085.0000000,3592977
LKOH,W,25/08/14,00:00:00,2075.5000000,2107.1000000,2054.9000000,2055.0000000,3735587
LKOH,W,01/09/14,00:00:00,2052.0000000,2169.4000000,2024.0000000,2163.0000000,5628349
LKOH,W,08/09/14,00:00:00,2160.0000000,2194.7000000,2143.2000000,2163.1000000,4274050
LKOH,W,15/09/14,00:00:00,2159.0000000,2199.0000000,2065.0000000,2071.0000000,6828268
LKOH,W,22/09/14,00:00:00,2067.6000000,2090.0000000,2030.1000000,2064.9000000,5593577
LKOH,W,29/09/14,00:00:00,2066.7000000,2085.0000000,1960.5000000,1990.0000000,5946425
LKOH,W,06/10/14,00:00:00,2001.0000000,2052.0000000,1921.0000000,1925.1000000,5752824
LKOH,W,13/10/14,00:00:00,1916.0000000,2040.2000000,1913.0000000,1986.6000000,6963150
LKOH,W,20/10/14,00:00:00,1992.0000000,2009.0000000,1916.7000000,1948.5000000,6653830
LKOH,W,27/10/14,00:00:00,1961.0000000,2120.0000000,1960.7000000,2120.0000000,9118045
LKOH,W,03/11/14,00:00:00,2113.4000000,2178.0000000,2072.2000000,2126.5000000,6950957
LKOH,W,10/11/14,00:00:00,2140.0000000,2163.7000000,2065.0000000,2084.0000000,6252758
LKOH,W,17/11/14,00:00:00,2081.2000000,2291.0000000,2065.1000000,2280.4000000,6261507
LKOH,W,24/11/14,00:00:00,2283.9000000,2331.6000000,2232.9000000,2291.7000000,6927773
LKOH,W,01/12/14,00:00:00,2280.0000000,2593.8000000,2278.1000000,2391.1000000,11047828
LKOH,W,08/12/14,00:00:00,2391.0000000,2439.0000000,2146.6000000,2292.3000000,8703165
LKOH,W,15/12/14,00:00:00,2256.0000000,2480.0000000,2053.6000000,2300.0000000,12788809
LKOH,W,22/12/14,00:00:00,2311.0000000,2456.9000000,2145.0000000,2264.0000000,4684250
LKOH,W,29/12/14,00:00:00,2260.0000000,2460.0000000,2183.6000000,2225.0000000,2003391
LKOH,W,05/01/15,00:00:00,2201.0000000,2595.1000000,2200.9000000,2461.0000000,3682172
LKOH,W,12/01/15,00:00:00,2460.0000000,2748.5000000,2441.4000000,2736.0000000,5371391
LKOH,W,19/01/15,00:00:00,2735.0000000,2938.0000000,2596.2000000,2849.0000000,7564729
LKOH,W,26/01/15,00:00:00,2819.9000000,2998.5000000,2757.0000000,2789.9000000,6411437
LKOH,W,02/02/15,00:00:00,2805.1000000,3150.0000000,2697.6000000,3120.1000000,8413298
LKOH,W,09/02/15,00:00:00,3120.1000000,3297.7000000,2956.0000000,3135.0000000,8746435
LKOH,W,16/02/15,00:00:00,3138.1000000,3143.9000000,2917.0000000,2990.0000000,5028258
LKOH,W,23/02/15,00:00:00,2947.7000000,3001.6000000,2895.2000000,2981.2000000,4279353
LKOH,W,02/03/15,00:00:00,2989.0000000,3099.5000000,2800.0000000,2800.0000000,5286256
LKOH,W,09/03/15,00:00:00,2779.0000000,2800.9000000,2651.0000000,2659.0000000,4899968
LKOH,W,16/03/15,00:00:00,2652.9000000,2773.9000000,2625.0000000,2710.0000000,6313959
LKOH,W,23/03/15,00:00:00,2729.8000000,2753.0000000,2577.0000000,2577.0000000,5238702
LKOH,W,30/03/15,00:00:00,2577.1000000,2831.1000000,2577.0000000,2824.8000000,3886387
LKOH,W,06/04/15,00:00:00,2824.8000000,2850.1000000,2600.0000000,2634.9000000,5679010
LKOH,W,13/04/15,00:00:00,2655.0000000,2683.0000000,2532.1000000,2576.0000000,6528972
LKOH,W,20/04/15,00:00:00,2590.3000000,2745.0000000,2563.7000000,2645.0000000,6337626
LKOH,W,27/04/15,00:00:00,2639.0000000,2700.0000000,2601.0000000,2645.6000000,3684463
LKOH,W,04/05/15,00:00:00,2657.0000000,2699.6000000,2611.6000000,2691.6000000,3806785
LKOH,W,11/05/15,00:00:00,2692.1000000,2712.0000000,2563.7000000,2595.0000000,3500944
LKOH,W,18/05/15,00:00:00,2593.0000000,2598.0000000,2471.1000000,2537.0000000,4046929
LKOH,W,25/05/15,00:00:00,2537.8000000,2596.0000000,2461.3000000,2461.3000000,4805440
LKOH,W,01/06/15,00:00:00,2485.0000000,2577.3000000,2426.7000000,2570.0000000,5372466
LKOH,W,08/06/15,00:00:00,2575.0000000,2617.0000000,2491.3000000,2506.9000000,3947610
LKOH,W,15/06/15,00:00:00,2496.3000000,2513.9000000,2427.5000000,2474.4000000,4533330
LKOH,W,22/06/15,00:00:00,2485.1000000,2512.3000000,2391.8000000,2401.7000000,3385229
LKOH,W,29/06/15,00:00:00,2365.0000000,2485.7000000,2361.2000000,2425.3000000,3364367
LKOH,W,06/07/15,00:00:00,2409.0000000,2488.8000000,2400.1000000,2465.0000000,4418973
LKOH,W,13/07/15,00:00:00,2396.0000000,2483.0000000,2374.1000000,2465.4000000,4273119
LKOH,W,20/07/15,00:00:00,2467.0000000,2493.0000000,2401.1000000,2468.9000000,3642702
LKOH,W,27/07/15,00:00:00,2472.1000000,2537.6000000,2385.0000000,2537.6000000,5273697
LKOH,W,03/08/15,00:00:00,2527.0000000,2564.8000000,2474.0000000,2520.0000000,5188762
LKOH,W,10/08/15,00:00:00,2519.0000000,2584.3000000,2470.0000000,2561.1000000,5043064
LKOH,W,17/08/15,00:00:00,2562.8000000,2564.0000000,2411.0000000,2412.0000000,5106148
LKOH,W,24/08/15,00:00:00,2380.0000000,2520.0000000,2288.7000000,2520.0000000,8497431
LKOH,W,31/08/15,00:00:00,2512.0000000,2545.0000000,2425.2000000,2458.0000000,5542180
LKOH,W,07/09/15,00:00:00,2457.0000000,2514.7000000,2441.0000000,2487.6000000,3465892
LKOH,W,14/09/15,00:00:00,2490.0000000,2542.5000000,2393.5000000,2403.8000000,4811329
LKOH,W,21/09/15,00:00:00,2410.0000000,2412.8000000,2151.0000000,2240.0000000,10772913
LKOH,W,28/09/15,00:00:00,2242.9000000,2292.0000000,2126.0000000,2140.0000000,7878929
LKOH,W,05/10/15,00:00:00,2157.1000000,2421.9000000,2155.0000000,2400.1000000,10240385
LKOH,W,12/10/15,00:00:00,2401.0000000,2429.1000000,2292.7000000,2303.8000000,6455962
LKOH,W,19/10/15,00:00:00,2306.8000000,2363.4000000,2287.3000000,2336.7000000,4853859
LKOH,W,26/10/15,00:00:00,2339.0000000,2367.5000000,2254.2000000,2320.0000000,5529498
LKOH,W,02/11/15,00:00:00,2319.1000000,2539.3000000,2305.1000000,2511.8000000,6339668
LKOH,W,09/11/15,00:00:00,2514.9000000,2572.3000000,2477.2000000,2485.0000000,4712544
LKOH,W,16/11/15,00:00:00,2480.8000000,2568.8000000,2474.0000000,2540.0000000,5344698
LKOH,W,23/11/15,00:00:00,2537.0000000,2664.5000000,2515.0000000,2539.4000000,6620451
LKOH,W,30/11/15,00:00:00,2531.6000000,2579.6000000,2478.8000000,2489.9000000,4523644
LKOH,W,07/12/15,00:00:00,2490.5000000,2503.0000000,2350.0000000,2450.0000000,4930333
LKOH,W,14/12/15,00:00:00,2430.1000000,2468.6000000,2327.1000000,2327.1000000,5681261
LKOH,W,21/12/15,00:00:00,2332.0000000,2357.0000000,2270.1000000,2310.2000000,3557834
LKOH,W,28/12/15,00:00:00,2310.0000000,2375.9000000,2294.4000000,2345.9000000,1505112
LKOH,W,04/01/16,00:00:00,2351.0000000,2403.4000000,2304.1000000,2378.0000000,1693526
LKOH,W,11/01/16,00:00:00,2319.8000000,2342.7000000,2040.1000000,2098.0000000,6962945
LKOH,W,18/01/16,00:00:00,2071.0000000,2367.1000000,2062.3000000,2340.9000000,7810532
LKOH,W,25/01/16,00:00:00,2360.0000000,2569.0000000,2297.9000000,2569.0000000,7310100
LKOH,W,01/02/16,00:00:00,2560.5000000,2600.0000000,2462.5000000,2594.0000000,5543628
LKOH,W,08/02/16,00:00:00,2585.0000000,2597.5000000,2334.0000000,2396.0000000,6398827
LKOH,W,15/02/16,00:00:00,2421.0000000,2586.0000000,2396.0000000,2529.0000000,5238325
LKOH,W,22/02/16,00:00:00,2535.0000000,2624.0000000,2502.5000000,2587.0000000,4694595
LKOH,W,29/02/16,00:00:00,2578.0000000,2775.0000000,2552.0000000,2775.0000000,6325475
LKOH,W,07/03/16,00:00:00,2801.0000000,2840.0000000,2651.0000000,2669.0000000,4367029
LKOH,W,14/03/16,00:00:00,2675.5000000,2833.5000000,2630.0000000,2810.0000000,7163474
LKOH,W,21/03/16,00:00:00,2787.0000000,2816.0000000,2603.0000000,2607.5000000,5124139
LKOH,W,28/03/16,00:00:00,2623.5000000,2639.5000000,2547.5000000,2625.0000000,5947146
LKOH,W,04/04/16,00:00:00,2614.0000000,2783.0000000,2614.0000000,2777.5000000,5131848
LKOH,W,11/04/16,00:00:00,2765.0000000,2892.0000000,2757.0000000,2822.5000000,5790437
LKOH,W,18/04/16,00:00:00,2775.0000000,2902.0000000,2719.5000000,2890.0000000,7057920
LKOH,W,25/04/16,00:00:00,2882.0000000,2885.0000000,2662.5000000,2752.0000000,4627917
LKOH,W,02/05/16,00:00:00,2715.5000000,2750.5000000,2601.0000000,2629.0000000,2822888
LKOH,W,09/05/16,00:00:00,2620.0000000,2725.0000000,2563.0000000,2699.5000000,5003137
LKOH,W,16/05/16,00:00:00,2705.0000000,2736.5000000,2606.5000000,2712.0000000,5174599
LKOH,W,23/05/16,00:00:00,2711.5000000,2715.5000000,2634.0000000,2682.0000000,4630498
LKOH,W,30/05/16,00:00:00,2685.0000000,2711.0000000,2523.0000000,2587.0000000,10684028
LKOH,W,06/06/16,00:00:00,2597.5000000,2692.0000000,2560.0000000,2636.0000000,4380261
LKOH,W,13/06/16,00:00:00,2633.0000000,2688.5000000,2577.0000000,2647.0000000,3492845
LKOH,W,20/06/16,00:00:00,2655.5000000,2730.0000000,2585.0000000,2725.0000000,4090768
LKOH,W,27/06/16,00:00:00,2706.5000000,2712.0000000,2612.0000000,2707.0000000,2879927
LKOH,W,04/07/16,00:00:00,2714.0000000,2788.5000000,2707.0000000,2788.0000000,4073123
LKOH,W,11/07/16,00:00:00,2715.0000000,2798.0000000,2693.0000000,2792.5000000,3430217
LKOH,W,18/07/16,00:00:00,2781.5000000,2870.0000000,2757.0000000,2855.0000000,2304409
LKOH,W,25/07/16,00:00:00,2854.5000000,2897.0000000,2780.0000000,2867.0000000,2881701
LKOH,W,01/08/16,00:00:00,2877.0000000,2910.0000000,2740.0000000,2815.0000000,3018742
LKOH,W,08/08/16,00:00:00,2824.0000000,2877.0000000,2731.0000000,2870.0000000,3100775
LKOH,W,15/08/16,00:00:00,2870.0000000,2979.0000000,2858.0000000,2948.0000000,2843503
LKOH,W,22/08/16,00:00:00,2941.0000000,3049.5000000,2901.5000000,3025.0000000,2794478
LKOH,W,29/08/16,00:00:00,3000.5000000,3014.5000000,2913.0000000,3003.0000000,2542146
LKOH,W,05/09/16,00:00:00,3008.0000000,3108.5000000,2996.0000000,3060.5000000,2867689
LKOH,W,12/09/16,00:00:00,3031.5000000,3070.5000000,2900.0000000,3028.0000000,3587316
LKOH,W,19/09/16,00:00:00,3030.0000000,3125.0000000,2990.5000000,3085.5000000,2817758
LKOH,W,26/09/16,00:00:00,3065.0000000,3093.0000000,3005.0000000,3068.0000000,2732123
LKOH,W,03/10/16,00:00:00,3063.5000000,3085.0000000,3036.0000000,3050.0000000,1971767
LKOH,W,10/10/16,00:00:00,3043.5000000,3125.0000000,3043.0000000,3064.0000000,2053015
LKOH,W,17/10/16,00:00:00,3066.0000000,3078.5000000,3011.0000000,3071.0000000,1975749
LKOH,W,24/10/16,00:00:00,3072.0000000,3110.0000000,3044.0000000,3104.0000000,2129043
LKOH,W,31/10/16,00:00:00,3089.0000000,3127.0000000,2952.5000000,2984.0000000,2874076
LKOH,W,07/11/16,00:00:00,2986.0000000,3218.5000000,2965.0000000,3092.0000000,4570265
LKOH,W,14/11/16,00:00:00,3110.0000000,3123.5000000,3030.0000000,3084.5000000,2704177
LKOH,W,21/11/16,00:00:00,3093.0000000,3189.5000000,3085.5000000,3154.5000000,1920568
LKOH,W,28/11/16,00:00:00,3155.5000000,3312.5000000,3100.0000000,3286.0000000,4408251
LKOH,W,05/12/16,00:00:00,3285.0000000,3385.0000000,3256.0000000,3371.0000000,3121575
LKOH,W,12/12/16,00:00:00,3385.0000000,3430.0000000,3297.0000000,3352.0000000,4991847
LKOH,W,19/12/16,00:00:00,3357.0000000,3477.5000000,3335.0000000,3396.0000000,2931329
LKOH,W,26/12/16,00:00:00,3399.5000000,3449.0000000,3334.0000000,3449.0000000,1953026
LKOH,W,02/01/17,00:00:00,3445.0000000,3582.0000000,3337.0000000,3365.0000000,2187891
LKOH,W,09/01/17,00:00:00,3373.0000000,3410.0000000,3243.5000000,3290.0000000,2527716
LKOH,W,16/01/17,00:00:00,3294.0000000,3298.0000000,3177.0000000,3180.0000000,3007939
LKOH,W,23/01/17,00:00:00,3190.5000000,3494.0000000,3146.5000000,3486.0000000,4906290
LKOH,W,30/01/17,00:00:00,3472.0000000,3479.5000000,3345.0000000,3370.5000000,3097176
LKOH,W,06/02/17,00:00:00,3379.0000000,3384.5000000,3233.0000000,3245.5000000,3442653
LKOH,W,13/02/17,00:00:00,3261.0000000,3279.5000000,3168.0000000,3198.5000000,2995592
LKOH,W,20/02/17,00:00:00,3209.5000000,3218.5000000,3127.5000000,3184.0000000,1844375
LKOH,W,27/02/17,00:00:00,3180.0000000,3189.0000000,3033.0000000,3085.0000000,3208052
LKOH,W,06/03/17,00:00:00,3076.0000000,3108.5000000,2937.0000000,3028.0000000,2891917
LKOH,W,13/03/17,00:00:00,3020.0000000,3158.5000000,3014.5000000,3130.0000000,3982789
LKOH,W,20/03/17,00:00:00,3132.5000000,3145.0000000,3014.0000000,3017.5000000,3240585
LKOH,W,27/03/17,00:00:00,3000.0000000,3066.0000000,2954.5000000,2981.0000000,2725986
LKOH,W,03/04/17,00:00:00,2990.0000000,3065.0000000,2955.0000000,2991.0000000,2620613
LKOH,W,10/04/17,00:00:00,2981.0000000,2996.5000000,2856.0000000,2864.5000000,2585716
LKOH,W,17/04/17,00:00:00,2849.5000000,2893.5000000,2805.0000000,2850.0000000,2659731
LKOH,W,24/04/17,00:00:00,2875.0000000,2984.5000000,2814.0000000,2818.0000000,3570945
LKOH,W,01/05/17,00:00:00,2832.5000000,2900.0000000,2753.5000000,2811.5000000,3604616
LKOH,W,08/05/17,00:00:00,2851.0000000,2917.0000000,2796.5000000,2856.0000000,2107768
LKOH,W,15/05/17,00:00:00,2866.0000000,2907.5000000,2822.5000000,2850.0000000,3150146
LKOH,W,22/05/17,00:00:00,2850.0000000,2850.0000000,2757.0000000,2796.5000000,2914558
LKOH,W,29/05/17,00:00:00,2780.0000000,2840.0000000,2674.0000000,2734.0000000,4029929
LKOH,W,05/06/17,00:00:00,2738.0000000,2774.0000000,2690.5000000,2774.0000000,2643863
LKOH,W,12/06/17,00:00:00,2761.5000000,2784.0000000,2601.0000000,2685.0000000,4933644
LKOH,W,19/06/17,00:00:00,2700.0000000,2804.0000000,2699.5000000,2775.0000000,3968329
LKOH,W,26/06/17,00:00:00,2786.0000000,2915.5000000,2740.5000000,2872.5000000,3188631
LKOH,W,03/07/17,00:00:00,2884.0000000,2985.0000000,2835.0000000,2856.0000000,3506024
LKOH,W,10/07/17,00:00:00,2860.0000000,2935.0000000,2830.0000000,2923.0000000,2764823
LKOH,W,17/07/17,00:00:00,2929.0000000,2941.0000000,2831.5000000,2842.0000000,2548560
LKOH,W,24/07/17,00:00:00,2838.0000000,2860.0000000,2771.5000000,2794.0000000,2839948
LKOH,W,31/07/17,00:00:00,2800.5000000,2960.5000000,2752.0000000,2903.0000000,3194992
LKOH,W,07/08/17,00:00:00,2901.0000000,2974.5000000,2860.0000000,2860.0000000,2381730
LKOH,W,14/08/17,00:00:00,2878.0000000,2912.5000000,2803.5000000,2829.0000000,2190537
LKOH,W,21/08/17,00:00:00,2831.5000000,2940.0000000,2824.0000000,2915.0000000,1944903
LKOH,W,28/08/17,00:00:00,2910.5000000,2954.5000000,2860.0000000,2915.0000000,2935053
LKOH,W,04/09/17,00:00:00,2908.0000000,2928.0000000,2855.5000000,2925.0000000,2757378
LKOH,W,11/09/17,00:00:00,2932.0000000,2995.5000000,2906.5000000,2978.5000000,3515181
LKOH,W,18/09/17,00:00:00,2985.5000000,3060.0000000,2948.0000000,2970.0000000,4557327
LKOH,W,25/09/17,00:00:00,2979.0000000,3085.0000000,2962.5000000,3064.0000000,3016156
LKOH,W,02/10/17,00:00:00,3064.0000000,3075.5000000,3025.0000000,3060.0000000,2100005
LKOH,W,09/10/17,00:00:00,3063.0000000,3069.5000000,3007.0000000,3018.0000000,2089037
LKOH,W,16/10/17,00:00:00,3030.0000000,3032.5000000,2975.5000000,2994.0000000,2217632
LKOH,W,23/10/17,00:00:00,2999.0000000,3067.0000000,2983.0000000,3064.5000000,2601114
LKOH,W,30/10/17,00:00:00,3065.0000000,3203.0000000,3041.0000000,3168.5000000,3595576
LKOH,W,06/11/17,00:00:00,3211.0000000,3386.0000000,3210.0000000,3344.5000000,3648144
LKOH,W,13/11/17,00:00:00,3345.0000000,3415.0000000,3276.5000000,3304.5000000,3272574
LKOH,W,20/11/17,00:00:00,3300.0000000,3420.0000000,3262.5000000,3395.0000000,1749885
LKOH,W,27/11/17,00:00:00,3385.0000000,3413.5000000,3262.5000000,3344.0000000,2755372
LKOH,W,04/12/17,00:00:00,3338.5000000,3405.0000000,3303.5000000,3388.5000000,2265076
LKOH,W,11/12/17,00:00:00,3391.0000000,3473.5000000,3390.0000000,3420.0000000,2562529
LKOH,W,18/12/17,00:00:00,3420.0000000,3445.5000000,3285.0000000,3347.0000000,2283398
LKOH,W,25/12/17,00:00:00,3353.0000000,3359.5000000,3262.5000000,3334.5000000,1412622
LKOH,W,01/01/18,00:00:00,3341.0000000,3569.5000000,3340.0000000,3569.5000000,1694381
LKOH,W,08/01/18,00:00:00,3577.0000000,3942.0000000,3576.0000000,3908.0000000,5215422
LKOH,W,15/01/18,00:00:00,3933.0000000,3985.0000000,3767.5000000,3825.5000000,4534000
LKOH,W,22/01/18,00:00:00,3834.0000000,3871.0000000,3780.5000000,3821.0000000,3670635
LKOH,W,29/01/18,00:00:00,3826.0000000,3830.5000000,3697.0000000,3797.0000000,3787611
LKOH,W,05/02/18,00:00:00,3770.5000000,3787.5000000,3611.5000000,3617.5000000,5672106
LKOH,W,12/02/18,00:00:00,3635.0000000,3819.0000000,3621.0000000,3751.0000000,3900065
LKOH,W,19/02/18,00:00:00,3755.0000000,3836.0000000,3686.5000000,3836.0000000,2111697
LKOH,W,26/02/18,00:00:00,3868.5000000,3899.0000000,3675.5000000,3749.5000000,3269366
LKOH,W,05/03/18,00:00:00,3752.5000000,3789.0000000,3690.0000000,3789.0000000,2019744
LKOH,W,12/03/18,00:00:00,3786.5000000,3874.5000000,3718.5000000,3874.5000000,3513479
LKOH,W,19/03/18,00:00:00,3872.5000000,3937.0000000,3792.0000000,3874.5000000,3815765
LKOH,W,26/03/18,00:00:00,3875.0000000,4004.0000000,3800.0000000,3961.0000000,3360217
LKOH,W,02/04/18,00:00:00,3965.0000000,4005.0000000,3897.0000000,3939.0000000,2725379
LKOH,W,09/04/18,00:00:00,3920.0000000,4098.0000000,3532.5000000,3902.0000000,9362080
LKOH,W,16/04/18,00:00:00,3885.5000000,4056.0000000,3851.5000000,3985.0000000,3990034
LKOH,W,23/04/18,00:00:00,3981.5000000,4215.0000000,3933.0000000,4178.5000000,3892793
LKOH,W,30/04/18,00:00:00,4180.5000000,4243.0000000,4068.0000000,4108.0000000,2386163
LKOH,W,07/05/18,00:00:00,4119.5000000,4383.0000000,4086.5000000,4383.0000000,2840522
LKOH,W,14/05/18,00:00:00,4373.0000000,4450.0000000,4322.5000000,4450.0000000,3871793
LKOH,W,21/05/18,00:00:00,4442.0000000,4453.5000000,4206.0000000,4248.0000000,3369955
LKOH,W,28/05/18,00:00:00,4252.0000000,4300.5000000,4157.5000000,4205.5000000,4097540
LKOH,W,04/06/18,00:00:00,4224.5000000,4313.5000000,4159.5000000,4191.0000000,3843487
LKOH,W,11/06/18,00:00:00,4194.0000000,4208.5000000,4053.0000000,4055.0000000,3230322
LKOH,W,18/06/18,00:00:00,4039.0000000,4189.0000000,4006.0000000,4125.0000000,3568824
LKOH,W,25/06/18,00:00:00,4113.0000000,4355.0000000,4110.0000000,4350.0000000,3191748
LKOH,W,02/07/18,00:00:00,4339.0000000,4462.0000000,4319.5000000,4415.5000000,2988975
LKOH,W,09/07/18,00:00:00,4410.5000000,4460.0000000,4223.0000000,4319.0000000,3510811
LKOH,W,16/07/18,00:00:00,4320.0000000,4357.5000000,4200.0000000,4300.0000000,2789150
LKOH,W,23/07/18,00:00:00,4295.0000000,4426.0000000,4276.5000000,4425.0000000,2131939
LKOH,W,30/07/18,00:00:00,4400.5000000,4529.0000000,4370.5000000,4499.5000000,2681678
LKOH,W,06/08/18,00:00:00,4501.5000000,4648.0000000,4448.0000000,4577.0000000,2745134
LKOH,W,13/08/18,00:00:00,4551.0000000,4601.5000000,4351.5000000,4375.0000000,3238552
LKOH,W,20/08/18,00:00:00,4395.0000000,4541.0000000,4353.0000000,4500.5000000,2573171
LKOH,W,27/08/18,00:00:00,4502.0000000,4738.0000000,4492.0000000,4700.5000000,2694889
LKOH,W,03/09/18,00:00:00,4690.5000000,4762.5000000,4547.0000000,4623.0000000,2352191
LKOH,W,10/09/18,00:00:00,4643.0000000,4746.5000000,4603.0000000,4604.0000000,2790854
LKOH,W,17/09/18,00:00:00,4607.0000000,4755.0000000,4572.0000000,4737.5000000,4849747
LKOH,W,24/09/18,00:00:00,4746.0000000,5042.5000000,4724.5000000,5022.0000000,4163117
LKOH,W,01/10/18,00:00:00,5045.0000000,5115.0000000,4877.0000000,4987.0000000,4120505
LKOH,W,08/10/18,00:00:00,4982.5000000,5031.0000000,4770.5000000,4806.0000000,2635637
LKOH,W,15/10/18,00:00:00,4837.0000000,4837.0000000,4665.5000000,4693.0000000,2415725
LKOH,W,22/10/18,00:00:00,4706.0000000,4995.0000000,4635.5000000,4888.5000000,12653980
LKOH,W,29/10/18,00:00:00,4885.0000000,5004.5000000,4726.0000000,4980.0000000,3852142
LKOH,W,05/11/18,00:00:00,4988.5000000,5192.5000000,4976.0000000,5094.5000000,3125876
LKOH,W,12/11/18,00:00:00,5102.0000000,5191.0000000,4813.0000000,4824.0000000,3946777
LKOH,W,19/11/18,00:00:00,4850.0000000,4912.0000000,4624.5000000,4670.0000000,3468012
LKOH,W,26/11/18,00:00:00,4697.0000000,4900.0000000,4555.0000000,4896.0000000,5673764
LKOH,W,03/12/18,00:00:00,4993.5000000,5325.0000000,4952.0000000,5266.5000000,6437021
LKOH,W,10/12/18,00:00:00,5248.5000000,5342.0000000,5040.5000000,5100.0000000,4423277
LKOH,W,17/12/18,00:00:00,5091.0000000,5137.5000000,4716.5000000,4930.0000000,6805589
LKOH,W,24/12/18,00:00:00,4899.0000000,5009.5000000,4744.5000000,4997.0000000,2283590
LKOH,W,31/12/18,00:00:00,4982.0000000,5083.0000000,4886.5000000,5074.5000000,982089
LKOH,W,07/01/19,00:00:00,5038.5000000,5212.0000000,4964.5000000,5200.0000000,3296257
LKOH,W,14/01/19,00:00:00,5175.0000000,5237.5000000,5060.0000000,5193.5000000,2823371
LKOH,W,21/01/19,00:00:00,5207.5000000,5246.0000000,5143.5000000,5215.0000000,2827426
LKOH,W,28/01/19,00:00:00,5212.0000000,5329.5000000,5136.0000000,5319.5000000,2966953
LKOH,W,04/02/19,00:00:00,5330.0000000,5488.5000000,5314.5000000,5386.0000000,2523281
LKOH,W,11/02/19,00:00:00,5382.0000000,5475.5000000,5291.0000000,5426.0000000,2878154
LKOH,W,18/02/19,00:00:00,5440.0000000,5527.0000000,5404.0000000,5527.0000000,2650396
LKOH,W,25/02/19,00:00:00,5531.0000000,5587.5000000,5455.5000000,5500.5000000,2953101
LKOH,W,04/03/19,00:00:00,5501.0000000,5730.0000000,5467.0000000,5677.0000000,2463486
LKOH,W,11/03/19,00:00:00,5650.0000000,5669.0000000,5542.5000000,5662.5000000,3190020
LKOH,W,18/03/19,00:00:00,5625.5000000,5799.0000000,5595.0000000,5793.5000000,3526917
LKOH,W,25/03/19,00:00:00,5760.0000000,5895.0000000,5728.5000000,5894.0000000,3070887
LKOH,W,01/04/19,00:00:00,5893.0000000,5996.0000000,5822.0000000,5822.0000000,2704478
LKOH,W,08/04/19,00:00:00,5844.0000000,5866.5000000,5573.5000000,5600.0000000,3769817
LKOH,W,15/04/19,00:00:00,5604.5000000,5662.0000000,5548.0000000,5602.0000000,2373289
LKOH,W,22/04/19,00:00:00,5625.0000000,5833.5000000,5585.0000000,5588.0000000,3211699
LKOH,W,29/04/19,00:00:00,5612.0000000,5650.0000000,5444.0000000,5453.0000000,2664168
LKOH,W,06/05/19,00:00:00,5421.0000000,5479.5000000,5258.0000000,5290.0000000,3096830
LKOH,W,13/05/19,00:00:00,5296.0000000,5378.0000000,4980.0000000,5260.0000000,9071418
LKOH,W,20/05/19,00:00:00,5254.5000000,5364.5000000,5172.5000000,5240.0000000,4572520
LKOH,W,27/05/19,00:00:00,5254.5000000,5324.0000000,5055.0000000,5268.5000000,10607826
LKOH,W,03/06/19,00:00:00,5256.0000000,5287.0000000,5090.0000000,5133.0000000,5008267
LKOH,W,10/06/19,00:00:00,5140.0000000,5247.0000000,5140.0000000,5178.5000000,3396108
LKOH,W,17/06/19,00:00:00,5178.5000000,5357.5000000,5157.5000000,5338.0000000,5775745
LKOH,W,24/06/19,00:00:00,5333.5000000,5417.0000000,5252.5000000,5305.0000000,3175107
LKOH,W,01/07/19,00:00:00,5355.0000000,5530.0000000,5326.5000000,5460.0000000,3499488
LKOH,W,08/07/19,00:00:00,5327.0000000,5389.0000000,5210.5000000,5263.0000000,2995413
LKOH,W,15/07/19,00:00:00,5263.5000000,5263.5000000,5125.0000000,5200.5000000,2554501
LKOH,W,22/07/19,00:00:00,5218.0000000,5240.0000000,5062.0000000,5075.0000000,2915164
LKOH,W,29/07/19,00:00:00,5080.0000000,5288.5000000,5056.0000000,5130.0000000,3995224
LKOH,W,05/08/19,00:00:00,5136.0000000,5302.5000000,5073.5000000,5287.0000000,5323412
LKOH,W,12/08/19,00:00:00,5311.5000000,5344.0000000,4982.0000000,5000.0000000,4387865
LKOH,W,19/08/19,00:00:00,5030.0000000,5336.0000000,4996.0000000,5183.5000000,5088933
LKOH,W,26/08/19,00:00:00,5146.0000000,5395.0000000,5035.0000000,5379.5000000,7967680
LKOH,W,02/09/19,00:00:00,5368.5000000,5555.0000000,5342.0000000,5526.5000000,3680064
LKOH,W,09/09/19,00:00:00,5539.0000000,5568.0000000,5340.5000000,5377.5000000,3064350
LKOH,W,16/09/19,00:00:00,5480.5000000,5600.0000000,5371.0000000,5489.0000000,6131257
LKOH,W,23/09/19,00:00:00,5457.5000000,5458.5000000,5265.5000000,5405.0000000,2968368
LKOH,W,30/09/19,00:00:00,5409.5000000,5750.0000000,5300.0000000,5335.0000000,4363353
LKOH,W,07/10/19,00:00:00,5342.0000000,5466.5000000,5261.0000000,5425.0000000,2736971
LKOH,W,14/10/19,00:00:00,5430.0000000,5817.0000000,5387.0000000,5720.0000000,8734875
LKOH,W,21/10/19,00:00:00,5722.0000000,6156.0000000,5705.5000000,6117.5000000,5956133
LKOH,W,28/10/19,00:00:00,6130.0000000,6194.0000000,5775.0000000,6021.0000000,7112644
LKOH,W,04/11/19,00:00:00,6067.0000000,6144.0000000,5955.0000000,6040.0000000,3616875
LKOH,W,11/11/19,00:00:00,6000.0000000,6170.0000000,5958.5000000,6161.0000000,3678411
LKOH,W,18/11/19,00:00:00,6178.0000000,6194.0000000,6025.5000000,6120.0000000,2812430
LKOH,W,25/11/19,00:00:00,6134.0000000,6159.5000000,6034.0000000,6137.5000000,4975512
LKOH,W,02/12/19,00:00:00,6150.0000000,6227.5000000,6025.5000000,6220.0000000,3920509
LKOH,W,09/12/19,00:00:00,6232.5000000,6254.5000000,6080.0000000,6168.0000000,5482194
LKOH,W,16/12/19,00:00:00,6171.0000000,6258.5000000,6046.0000000,6079.5000000,6515837
LKOH,W,23/12/19,00:00:00,6075.5000000,6155.0000000,6050.0000000,6150.0000000,2087742
LKOH,W,30/12/19,00:00:00,6153.0000000,6294.0000000,6144.0000000,6294.0000000,1188954
LKOH,W,06/01/20,00:00:00,6300.0000000,6523.5000000,6284.5000000,6490.0000000,3099964
LKOH,W,13/01/20,00:00:00,6495.0000000,6714.5000000,6459.5000000,6685.0000000,4578896
LKOH,W,20/01/20,00:00:00,6700.0000000,6810.0000000,6536.5000000,6620.0000000,3586510
LKOH,W,27/01/20,00:00:00,6549.5000000,6726.0000000,6413.0000000,6550.5000000,6110739
LKOH,W,03/02/20,00:00:00,6519.5000000,6633.0000000,6405.0000000,6450.5000000,7070732
LKOH,W,10/02/20,00:00:00,6450.5000000,6500.0000000,6324.5000000,6451.0000000,4383988
LKOH,W,17/02/20,00:00:00,6439.0000000,6560.0000000,6350.5000000,6450.0000000,3054168
LKOH,W,24/02/20,00:00:00,6301.0000000,6348.0000000,5607.0000000,5699.5000000,7702986
LKOH,W,02/03/20,00:00:00,5816.0000000,5996.0000000,5534.5000000,5592.0000000,10252889
LKOH,W,09/03/20,00:00:00,5033.0000000,5083.0000000,4414.0000000,4414.0000000,19662005
LKOH,W,16/03/20,00:00:00,4414.0000000,4745.0000000,3663.0000000,4472.5000000,18240576
LKOH,W,23/03/20,00:00:00,4252.5000000,4745.0000000,4122.0000000,4430.0000000,12793266
LKOH,W,30/03/20,00:00:00,4355.5000000,5364.0000000,4313.0000000,5204.5000000,13044465
LKOH,W,06/04/20,00:00:00,5215.0000000,5275.0000000,5036.5000000,5130.0000000,9039851
LKOH,W,13/04/20,00:00:00,5117.5000000,5125.0000000,4365.0000000,4620.0000000,10728053
LKOH,W,20/04/20,00:00:00,4559.5000000,4979.5000000,4281.0000000,4745.5000000,13535472
LKOH,W,27/04/20,00:00:00,4745.0000000,5040.0000000,4620.0000000,4826.5000000,10336293
LKOH,W,04/05/20,00:00:00,4787.0000000,5014.5000000,4733.0000000,4832.0000000,7878599
LKOH,W,11/05/20,00:00:00,4845.0000000,4968.0000000,4773.0000000,4874.5000000,5581058
LKOH,W,18/05/20,00:00:00,4972.5000000,5548.0000000,4935.0000000,5317.0000000,11099644
LKOH,W,25/05/20,00:00:00,5346.5000000,5539.5000000,5224.0000000,5242.5000000,7798081
LKOH,W,01/06/20,00:00:00,5347.5000000,5566.5000000,5269.0000000,5460.0000000,7440302
LKOH,W,08/06/20,00:00:00,5489.5000000,5527.5000000,5269.0000000,5350.0000000,5885344
LKOH,W,15/06/20,00:00:00,5224.5000000,5490.0000000,5120.0000000,5460.0000000,7803751
LKOH,W,22/06/20,00:00:00,5440.0000000,5507.0000000,5303.0000000,5321.5000000,4220842
LKOH,W,29/06/20,00:00:00,5305.5000000,5431.0000000,5266.5000000,5416.5000000,3410424
LKOH,W,06/07/20,00:00:00,5452.0000000,5512.0000000,5026.5000000,5098.0000000,6260308
LKOH,W,13/07/20,00:00:00,5116.0000000,5133.5000000,4784.0000000,4946.5000000,6668541
LKOH,W,20/07/20,00:00:00,4944.0000000,5089.5000000,4910.0000000,4987.0000000,5867835
LKOH,W,27/07/20,00:00:00,4993.0000000,5193.0000000,4976.5000000,5087.5000000,5882307
LKOH,W,03/08/20,00:00:00,5072.0000000,5174.0000000,5002.0000000,5088.0000000,4242506
LKOH,W,10/08/20,00:00:00,5100.0000000,5387.0000000,5090.0000000,5284.5000000,4772367
LKOH,W,17/08/20,00:00:00,5303.0000000,5321.5000000,5027.0000000,5092.5000000,4272815
LKOH,W,24/08/20,00:00:00,5110.5000000,5292.5000000,5056.5000000,5082.0000000,4453392
LKOH,W,31/08/20,00:00:00,5096.0000000,5128.5000000,4795.5000000,4858.0000000,6726240
LKOH,W,07/09/20,00:00:00,4829.5000000,4850.0000000,4631.5000000,4725.5000000,4923963
LKOH,W,14/09/20,00:00:00,4746.5000000,4929.5000000,4655.0000000,4677.0000000,8245585
LKOH,W,21/09/20,00:00:00,4664.5000000,4665.0000000,4410.0000000,4560.0000000,7884503
LKOH,W,28/09/20,00:00:00,4574.5000000,4644.5000000,4313.0000000,4379.0000000,5905892
LKOH,W,05/10/20,00:00:00,4405.5000000,4563.5000000,4363.5000000,4451.5000000,5351117
LKOH,W,12/10/20,00:00:00,4444.0000000,4493.5000000,4200.5000000,4253.0000000,5271959
LKOH,W,19/10/20,00:00:00,4280.0000000,4374.5000000,4164.0000000,4325.0000000,4732500
LKOH,W,26/10/20,00:00:00,4290.0000000,4301.5000000,3961.0000000,4050.0000000,6727549
LKOH,W,02/11/20,00:00:00,4020.0000000,4418.5000000,3992.0000000,4396.0000000,5986650
LKOH,W,09/11/20,00:00:00,4455.5000000,4996.0000000,4420.0000000,4879.0000000,13309129
LKOH,W,16/11/20,00:00:00,4902.0000000,4972.0000000,4796.5000000,4948.5000000,6259637
LKOH,W,23/11/20,00:00:00,4963.0000000,5400.0000000,4945.5000000,5260.0000000,10534622
LKOH,W,30/11/20,00:00:00,5198.0000000,5250.0000000,4982.0000000,5122.0000000,10290480
LKOH,W,07/12/20,00:00:00,5103.5000000,5420.0000000,4953.0000000,5380.0000000,8854526
LKOH,W,14/12/20,00:00:00,5416.0000000,5494.0000000,5075.0000000,5140.0000000,10617673
LKOH,W,21/12/20,00:00:00,5069.5000000,5148.0000000,4938.5000000,5106.0000000,4837122
LKOH,W,28/12/20,00:00:00,5114.0000000,5204.0000000,5101.0000000,5169.5000000,2139104
LKOH,W,04/01/21,00:00:00,5232.0000000,5557.5000000,5180.0000000,5556.5000000,5407139
LKOH,W,11/01/21,00:00:00,5510.5000000,5995.0000000,5451.0000000,5888.5000000,9854548
LKOH,W,18/01/21,00:00:00,5863.5000000,5968.0000000,5626.0000000,5740.5000000,6980077
LKOH,W,25/01/21,00:00:00,5752.5000000,5797.5000000,5365.5000000,5377.0000000,8377601
LKOH,W,01/02/21,00:00:00,5417.5000000,5770.5000000,5296.5000000,5715.0000000,9751622
LKOH,W,08/02/21,00:00:00,5750.0000000,5797.5000000,5501.0000000,5756.0000000,5324039
LKOH,W,15/02/21,00:00:00,5820.0000000,5930.0000000,5561.0000000,5637.0000000,5861877
LKOH,W,22/02/21,00:00:00,5651.0000000,5888.0000000,5545.0000000,5575.5000000,6482549
LKOH,W,01/03/21,00:00:00,5623.0000000,6245.0000000,5590.5000000,6236.0000000,8478016
LKOH,W,08/03/21,00:00:00,6198.0000000,6405.0000000,6084.0000000,6356.0000000,6088403
LKOH,W,15/03/21,00:00:00,6382.0000000,6480.0000000,5960.0000000,6078.0000000,10262484
LKOH,W,22/03/21,00:00:00,6061.0000000,6289.0000000,5951.0000000,6283.0000000,6829616
LKOH,W,29/03/21,00:00:00,6233.0000000,6316.5000000,6015.0000000,6108.5000000,3974491
LKOH,W,05/04/21,00:00:00,6095.0000000,6095.0000000,5842.0000000,5933.0000000,5366751
LKOH,W,12/04/21,00:00:00,5908.5000000,6168.5000000,5886.5000000,6066.0000000,5310038
LKOH,W,19/04/21,00:00:00,6060.0000000,6087.0000000,5840.0000000,5950.0000000,5016769
LKOH,W,26/04/21,00:00:00,5951.0000000,5971.0000000,5760.0000000,5805.0000000,4896450
LKOH,W,03/05/21,00:00:00,5815.0000000,6185.0000000,5815.0000000,6088.0000000,4455943
LKOH,W,10/05/21,00:00:00,6097.0000000,6205.0000000,5948.0000000,6050.0000000,5392480
LKOH,W,17/05/21,00:00:00,6018.0000000,6043.0000000,5681.0000000,5800.5000000,7730737
LKOH,W,24/05/21,00:00:00,5831.5000000,6030.0000000,5774.0000000,5955.0000000,5174770
LKOH,W,31/05/21,00:00:00,5957.0000000,6570.0000000,5951.0000000,6511.0000000,8185847
LKOH,W,07/06/21,00:00:00,6488.0000000,6660.5000000,6400.0000000,6518.5000000,4895764
LKOH,W,14/06/21,00:00:00,6530.0000000,6746.0000000,6431.0000000,6653.0000000,6127133
LKOH,W,21/06/21,00:00:00,6645.0000000,6813.0000000,6603.0000000,6810.0000000,5178057
LKOH,W,28/06/21,00:00:00,6810.5000000,7013.0000000,6617.0000000,6849.0000000,5715432
LKOH,W,05/07/21,00:00:00,6871.0000000,6939.0000000,6597.0000000,6655.0000000,4737257
LKOH,W,12/07/21,00:00:00,6646.0000000,6750.0000000,6327.5000000,6362.0000000,4084631
LKOH,W,19/07/21,00:00:00,6304.0000000,6477.5000000,6205.0000000,6433.5000000,4487155
LKOH,W,26/07/21,00:00:00,6373.0000000,6455.5000000,6266.5000000,6299.0000000,3784974
LKOH,W,02/08/21,00:00:00,6308.5000000,6380.0000000,6205.5000000,6236.0000000,3951673
LKOH,W,09/08/21,00:00:00,6198.0000000,6530.0000000,6110.5000000,6429.5000000,3895120
LKOH,W,16/08/21,00:00:00,6400.0000000,6615.0000000,6255.0000000,6339.5000000,4320068
LKOH,W,23/08/21,00:00:00,6383.0000000,6521.5000000,6308.0000000,6429.5000000,3169962
LKOH,W,30/08/21,00:00:00,6446.5000000,6471.5000000,6221.0000000,6330.0000000,5450797
LKOH,W,06/09/21,00:00:00,6327.0000000,6372.0000000,6246.5000000,6300.0000000,4006966
LKOH,W,13/09/21,00:00:00,6321.0000000,6800.0000000,6308.0000000,6600.5000000,7224176
LKOH,W,20/09/21,00:00:00,6538.0000000,6859.5000000,6494.0000000,6825.0000000,4243589
LKOH,W,27/09/21,00:00:00,6900.0000000,7141.5000000,6835.0000000,6987.5000000,6062798
LKOH,W,04/10/21,00:00:00,7000.0000000,7417.0000000,6940.5000000,7220.0000000,6990838
LKOH,W,11/10/21,00:00:00,7287.0000000,7333.5000000,7070.5000000,7306.5000000,4563879
LKOH,W,18/10/21,00:00:00,7323.0000000,7460.0000000,7172.0000000,7200.0000000,4070987
LKOH,W,25/10/21,00:00:00,7239.0000000,7525.0000000,7118.0000000,7272.5000000,5930524
LKOH,W,01/11/21,00:00:00,7261.0000000,7394.0000000,7082.0000000,7199.0000000,2729381
LKOH,W,08/11/21,00:00:00,7243.5000000,7275.0000000,6835.0000000,6878.0000000,4986159
LKOH,W,15/11/21,00:00:00,6852.0000000,7006.0000000,6660.0000000,6709.0000000,5085886
LKOH,W,22/11/21,00:00:00,6690.0000000,6891.0000000,6335.5000000,6374.0000000,7965093
LKOH,W,29/11/21,00:00:00,6510.0000000,6770.0000000,6418.5000000,6639.5000000,8570631
LKOH,W,06/12/21,00:00:00,6691.0000000,6784.5000000,6500.0000000,6619.5000000,7317317
LKOH,W,13/12/21,00:00:00,6627.5000000,6779.0000000,5912.5000000,6670.0000000,8515137
LKOH,W,20/12/21,00:00:00,6344.0000000,6428.0000000,6220.5000000,6313.5000000,4730123
LKOH,W,27/12/21,00:00:00,6321.5000000,6597.0000000,6315.0000000,6573.0000000,3120670
LKOH,W,03/01/22,00:00:00,6594.0000000,6755.0000000,6459.0000000,6699.0000000,3040957
LKOH,W,10/01/22,00:00:00,6734.0000000,6969.0000000,6469.0000000,6659.0000000,7277028
LKOH,W,17/01/22,00:00:00,6670.0000000,6734.0000000,6020.0000000,6420.0000000,12672488
LKOH,W,24/01/22,00:00:00,6440.0000000,6945.0000000,6078.0000000,6775.0000000,10944542
LKOH,W,31/01/22,00:00:00,6808.5000000,7110.0000000,6780.0000000,7010.0000000,6583728
LKOH,W,07/02/22,00:00:00,7045.0000000,7084.0000000,6624.5000000,6707.5000000,6722552
LKOH,W,14/02/22,00:00:00,6684.0000000,7077.5000000,6415.0000000,6456.5000000,8348216
LKOH,W,21/02/22,00:00:00,6481.5000000,6649.0000000,3019.5000000,4915.0000000,17139932
LKOH,W,21/03/22,00:00:00,5315.0000000,5993.0000000,5022.0000000,5206.0000000,2063414
LKOH,W,28/03/22,00:00:00,5199.5000000,5868.0000000,4800.0000000,5601.0000000,1998386
LKOH,W,04/04/22,00:00:00,5697.5000000,5750.0000000,5087.0000000,5226.5000000,1205734
LKOH,W,11/04/22,00:00:00,5224.5000000,5385.0000000,4800.0000000,4893.0000000,874614
LKOH,W,18/04/22,00:00:00,4919.0000000,4948.0000000,3682.0000000,3828.0000000,4705597
LKOH,W,25/04/22,00:00:00,3829.0000000,4740.0000000,3710.5000000,4699.5000000,4476794
LKOH,W,02/05/22,00:00:00,4746.0000000,4772.5000000,4526.0000000,4635.5000000,1046277
LKOH,W,09/05/22,00:00:00,4640.0000000,4699.0000000,4300.0000000,4380.0000000,1038638
LKOH,W,16/05/22,00:00:00,4381.0000000,4669.5000000,4258.0000000,4279.0000000,2330813
LKOH,W,23/05/22,00:00:00,4305.0000000,4359.5000000,3882.0000000,4290.0000000,2134521
LKOH,W,30/05/22,00:00:00,4352.0000000,4380.0000000,3930.0000000,3980.5000000,1743298
LKOH,W,06/06/22,00:00:00,3985.0000000,4050.0000000,3816.0000000,3898.0000000,1833983
LKOH,W,13/06/22,00:00:00,3886.0000000,4326.0000000,3846.0000000,4182.0000000,2608793
LKOH,W,20/06/22,00:00:00,4202.0000000,4279.5000000,3932.5000000,4100.0000000,2761125
LKOH,W,27/06/22,00:00:00,4100.5000000,4120.0000000,3865.0000000,3944.0000000,2313716
LKOH,W,04/07/22,00:00:00,3946.0000000,4150.0000000,3902.5000000,3911.0000000,2163679
LKOH,W,11/07/22,00:00:00,3901.0000000,3920.0000000,3551.0000000,3709.0000000,2694164
LKOH,W,18/07/22,00:00:00,3721.5000000,3777.0000000,3482.5000000,3688.0000000,2099523
LKOH,W,25/07/22,00:00:00,3672.5000000,3885.0000000,3637.0000000,3877.0000000,2097905
LKOH,W,01/08/22,00:00:00,3883.0000000,4030.0000000,3659.5000000,3679.5000000,2745060
LKOH,W,08/08/22,00:00:00,3780.0000000,3979.0000000,3701.5000000,3940.5000000,2159944
LKOH,W,15/08/22,00:00:00,3942.0000000,4044.0000000,3878.0000000,3972.0000000,1975085
LKOH,W,22/08/22,00:00:00,3968.0000000,4143.5000000,3944.5000000,4115.0000000,1782875
LKOH,W,29/08/22,00:00:00,4110.5000000,4773.0000000,4088.5000000,4595.0000000,6418314
LKOH,W,05/09/22,00:00:00,4620.0000000,4690.0000000,4376.0000000,4470.0000000,3958221
LKOH,W,12/09/22,00:00:00,4460.0000000,4591.5000000,4403.5000000,4519.0000000,2904508
LKOH,W,19/09/22,00:00:00,4520.0000000,4548.0000000,3622.5000000,3948.5000000,6123456
LKOH,W,26/09/22,00:00:00,3856.0000000,4088.0000000,3605.5000000,3965.0000000,4555247
LKOH,W,03/10/22,00:00:00,3980.0000000,4189.0000000,3850.0000000,3875.0000000,3091454
LKOH,W,10/10/22,00:00:00,3778.0000000,4280.0000000,3757.0000000,4139.0000000,3406884
LKOH,W,17/10/22,00:00:00,4150.0000000,4462.0000000,4106.5000000,4433.0000000,4106496
LKOH,W,24/10/22,00:00:00,4474.0000000,4800.0000000,4385.5000000,4700.5000000,5057680
LKOH,W,31/10/22,00:00:00,4730.0000000,4788.0000000,4620.0000000,4683.0000000,2533583
LKOH,W,07/11/22,00:00:00,4715.0000000,4732.0000000,4600.0000000,4655.0000000,2315630
